,port_country,x,y
0,Abbot Point_Australia,148.07756959259032,-19.893776402114334
1,Abenra_Denmark,9.428190685624827,55.04248019430548
2,Aberdeen_U.S.A.,-123.84774329882298,46.966177639436204
3,Aberdeen_United Kingdom,-2.075624103763057,57.139595144564296
4,Abidjan_Cote d'Ivoire,-4.010668932441103,5.284627760305776
5,Abu Zaby_United Arab Emirates,54.53888689838504,24.566274589173712
6,Acajutla_El Salvador,-89.82976276105175,13.575488458376979
7,Acapulco_Mexico,-99.87446323929898,16.84318539192628
8,Ad Dakhla_Western Sahara,-15.95295711609958,23.66837455554214
9,Aden_Yemen,44.950693522502455,12.779988901531674
10,Agadir_Morocco,-9.649402377955152,30.438756772638612
11,Ahus_Sweden,14.317700411615714,55.92867893468289
12,Aiyion_Greece,21.849977912712973,38.33557950042553
13,Ajman_United Arab Emirates,55.4536624518669,25.419736307946245
14,Akita-Funakawa Ko_Japan,140.05677693565994,39.75654528819128
15,Ako_Japan,134.361288303224,34.74720083372115
16,Aktau Port_Kazakhstan,51.22874032523331,43.602350763034934
17,Akureyri_Iceland,-18.096790555064526,65.695326716713
18,Al Ahmadi_Yemen,42.943520831351364,14.8330220557409
19,Al Aqabah_Jordan,34.958186829019674,29.45810715915896
20,Al Basrah_Iraq,47.79783766773694,30.558027253323647
21,Al Burayqah_Libya,19.598009309785763,30.406994290764256
22,Al Hamriyah LPG Terminal_United Arab Emirates,55.49514728902563,25.467513879343024
23,Al Iskandariyh (Alexandria)_Egypt,29.836109886669465,31.154797858326177
24,Al Jubayl_Saudi Arabia,49.66024705119559,27.05413038377179
25,Al Kuwayt_Kuwait,47.92354154483458,29.35204624401216
26,Al Ladhiqiyah_Syria,35.770202411355584,35.523566329734955
27,Al Mukalla_Yemen,49.15123298005337,14.52061486138097
28,Albany_Australia,117.89708228026268,-35.033858922601944
29,Alborg_Denmark,9.992814114098813,57.05437155483703
30,Alesund_Norway,6.155481150473647,62.47283448686727
31,Algeciras_Spain,-5.414273515123624,36.163818814196276
32,Alger_Algeria,3.0667621846073008,36.76708802031324
33,Aliaga_Turkey,26.934564624511953,38.803813147647546
34,Alicante_Spain,-0.4908897395485404,38.332391372565134
35,Almeria_Spain,-2.4738657522246505,36.83346874718268
36,Alofi_Niue,-169.92001368487507,-19.052671315120005
37,Alotoa_Papua New Guinea,150.4560203489755,-10.315651289971518
38,Altamira_Mexico,-97.88520848318493,22.48467721296676
39,Alvika_Norway,6.370648385341695,62.47920017152351
40,Amagasaki_Japan,135.36788101266254,34.700649555881874
41,Amamapare_Indonesia,136.79939618333154,-4.804207263047351
42,Ambon_Indonesia,128.17525331826528,-3.6772845591486285
43,Amirabad Port_Iran,53.365167798786224,36.85070336747731
44,Ampenan_Indonesia,116.07317442859139,-8.655149913437683
45,Amsterdam_Netherlands,4.830435737463371,52.409198345614556
46,Amuay (Bahia De Amuay)_Venezuela,-70.2068953580866,11.743811703518485
47,Anacortes_Canada,-122.5748056522262,48.49192134394034
48,Anchorage_U.S.A.,-149.87222590496796,61.23396650268251
49,Ancona_Italy,13.50195410181121,43.621695799237244
50,Andoany_Madagascar,48.21470271745805,-13.402617259596603
51,Andres (Andres LGN Terminal)_Dominican Republic,-69.63329166962036,18.418697907066154
52,Anguilla_Anguilla,-63.09072394474827,18.19752155226491
53,Annaba_Algeria,7.767614171853426,36.89618931501521
54,Antalya_Turkey,30.60612268706235,36.838939327047356
55,Antisranana_Madagascar,49.28869185138956,-12.269056767555826
56,Antofagasta_Chile,-70.40483061344618,-23.650953983472835
57,Antwerp_Belgium,4.321052131810069,51.2794287338639
58,Anzali Port_Iran,49.469992279062836,37.47499218866157
59,Aomori Ko_Japan,140.76816678612795,40.84487687861087
60,Apia_Samoa,-171.76023607994824,-13.82606304322987
61,Apra Harbor_Guam,144.67530425270027,13.46021413806513
62,Aratu_Brazil,-38.487590589494424,-12.783016591240518
63,Arawak_Barbados,-59.648243382724395,13.286759622300854
64,Ardalstangen_Norway,7.709745555745709,61.23556003388835
65,Ardel_Norway,6.170683770690404,59.14645697431639
66,Argentia_Canada,-53.92033812576746,47.348630408125764
67,Arhus_Denmark,10.229478477421042,56.15134197164457
68,Arkhangels'k_Russia,40.63875496922567,64.5430408673524
69,Arrecife_Spain,-13.528005888562335,28.96931425820793
70,Arzew El Djedid_Algeria,-0.25967501160152456,35.81896184890019
71,As Suways_Egypt,32.53170991031803,29.95020646747811
72,Ash Shariqah_United Arab Emirates,55.376295522019404,25.362962888249385
73,Ashdod_Israel,34.66966890903872,31.836277373951294
74,Ashqelon_Israel,34.53898353027515,31.640610020129785
75,Aspropirgos_Greece,23.598177209965396,38.023698145965305
76,Astrakhan Port_Russia,48.02122544459782,46.38468096984768
77,Atapupu_Indonesia,124.86265279077273,-8.995667408703843
78,Atuona_French Polynesia,-139.03082666407877,-9.805382251553075
79,Auckland_New Zealand,174.77334275544916,-36.842812178117654
80,Augusta_Italy,15.18508014794339,37.1951553818766
81,Avatiu_Cook Islands,-159.7842730993885,-21.20384036785933
82,Aveiro_Portugal,-8.719662651065622,40.628558816401224
83,Aviles_Spain,-5.890529429722868,43.56340172410901
84,Avonmouth_United Kingdom,-2.707989148813597,51.498460962547576
85,Az Zawiya_Libya,12.700303247100697,32.78548002657102
86,Bahai De La Habana_Cuba,-82.33375832247619,23.127613710092202
87,Bahia De Las Minas_Panama,-79.82035261386626,9.38973052376221
88,Bahia De Matarani_Peru,-72.1076044352852,-17.00454039307697
89,Bahia De Valparaiso_Chile,-71.62765952011543,-33.033236133042806
90,Bahia Quintero (Ventanas)_Chile,-71.48427942881878,-32.76687885942577
91,Bahia San Nicolas_Peru,-75.23933148991398,-15.25814104262528
92,Bahia San Vicente_Chile,-73.12055768153456,-36.74022381947198
93,Baie Comeau_Canada,-68.14114897775937,49.246908734559824
94,Baie De Kouaoua_New Caledonia,165.8330227306943,-21.400313679747207
95,Baie Du Marigot_Saint Martin,-63.083093662416964,18.082200566196065
96,Baie Taoihae_French Polynesia,-140.09461032632953,-8.921475583106172
97,Baie Ugue_New Caledonia,165.55688108738883,-21.147517728612087
98,Bajo Grande_Venezuela,-71.57472871753188,10.454618624684406
99,Bakar_Croatia,14.542015408496434,45.28978356577448
100,Baku Port_Azerbaijan,49.680755505210286,40.262368973454834
101,Balboa_Panama,-79.5653072865059,8.954988274086032
102,Balikpapa_Indonesia,116.79595250542161,-1.2034172916204604
103,Baltimore_U.S.A.,-76.55822527372163,39.25923657536207
104,Baltiysk_Russia,19.923644630580334,54.637745245303435
105,Bamdar-E Pars Terminal_Iran,52.437026187390025,27.60002101099805
106,Bamdar-E Shahid Reajie_Iran,56.0634230047248,27.139600153551676
107,Bandar Abbas_Iran,56.20284225912758,27.147461245474144
108,Bandar Khomeyni_Iran,49.06732869487486,30.43707801150557
109,Bandirma_Turkey,27.957748921939423,40.35320135246602
110,Banghazi_Libya,20.047367005071468,32.11153977544465
111,Bangkok_Thailand,100.5698249279281,13.680790930805953
112,Banjarmasin_Indonesia,114.56325939318629,-3.280565407728924
113,Banjul_Gambia,-16.574145595081017,13.444473426797366
114,Banten_Indonesia,105.96799238992617,-6.018031136862532
115,Banzart_Tunisia,9.872436868327076,37.25921223089305
116,Bar_Montenegro,19.084168425829333,42.088627639385045
117,Barbor's Point_U.S.A.,-158.10378699766662,21.311144229724214
118,Barcelona_Spain,2.147381342212745,41.33978403285478
119,Bari_Italy,16.867335012816188,41.13751283768642
120,Barranquilla_Colombia,-74.78340631319179,11.000124936203674
121,Barry_United Kingdom,-3.247171145231859,51.40445632582753
122,Basseterre_Saint Kitts and Nevis,-62.708466981059665,17.28733437019956
123,Basuo_China,108.62905980414135,19.079588754859678
124,Bata_Equatorial Guinea,9.739197370493496,1.8255773507614494
125,Batangas City_Philippines,121.01819848028306,13.74206255484495
126,Baton Rouge_U.S.A.,-91.21002792789953,30.42823323563071
127,Batumi_Georgia,41.66844813333074,41.64877269919264
128,Baubau_Indonesia,122.58445033767853,-5.4860209286544075
129,Bautino_Kazakhstan,50.26053798160552,44.55753625201283
130,Bay City_U.S.A.,-83.84996371558354,43.62770437166166
131,Bayonne_France,-1.4974673407930092,43.527264688828026
132,Bayrut_Lebanon,35.52830154353617,33.9019693969725
133,Bayuquan_China,122.05781272539963,40.256313691652984
134,Beaumont_U.S.A.,-94.02578448854415,30.022238181867213
135,Bedyansk_Ukraine,36.77657874268222,46.75250431707752
136,Beihai_China,109.06861969675123,21.472420194072335
137,Beira_Mozambique,34.83979298862594,-19.81129823397653
138,Bejaia_Algeria,5.083502218063574,36.74597655662006
139,Belawan_Indonesia,98.70771195513164,3.7892496482227758
140,Belem_Brazil,-48.63700514669006,-1.4837880660456435
141,Belfast_United Kingdom,-5.892399554653343,54.622884573965486
142,Belize City_Belize,-88.20244297838427,17.481455616358698
143,Bellingham_U.S.A.,-122.50141104577084,48.75719975201011
144,Benicia_U.S.A.,-122.13215460791808,38.052674364679575
145,Benoa_Indonesia,115.35605513384192,-8.629139782324815
146,Berbera_Somalia,44.99703518263881,10.432828130551368
147,Bergen_Norway,5.207478242252789,60.40336324638338
148,Big Creek_Belize,-88.40365114914628,16.51536810231007
149,Bintulu Port_Malaysia,113.07800142164413,3.271292321839434
150,Bissau_Guinea-Bissau,-15.576191277272976,11.859983596782087
151,Bitung_Indonesia,125.17684450873317,1.4401862313378992
152,Blanglancang_Indonesia,97.06742179797921,5.230334136388026
153,Bluff Harbor_New Zealand,168.3588781632659,-46.58999695364316
154,Bohai Bay_China,117.86696066278772,38.31957810246518
155,Bonny_Nigeria,7.156572757254503,4.420663092148991
156,Bontang LNG Terminal_Indonesia,117.49254696875413,0.09070275353212047
157,Boosaaso_Somalia,49.18111829533187,11.290601406407616
158,Bordeaux_France,-0.5342400075720339,44.90198456923808
159,Boston_U.S.A.,-71.03518220755416,42.37245955396049
160,Boston_United Kingdom,-0.014293370774057679,52.96303140310388
161,Botany Bay_Australia,151.21597838980801,-33.98515709807515
162,Botas_Turkey,35.915495169536435,36.87194192091768
163,Botas Natural Gas Terminal_Turkey,27.957358536678818,40.99082531575319
164,Brades_Montserrat,-62.20515785518367,16.80337844478759
165,Brake_Germany,8.489653978667901,53.3435333722174
166,Brasil Port_Brazil,-41.019639767561856,-21.850287277538566
167,Bremen_Germany,8.785525922657646,53.089797689362406
168,Bremerhaven_Germany,8.551807336730702,53.54235775382221
169,Brevik_Norway,9.692101246213463,59.06396161911826
170,Bridgeport_U.S.A.,-73.16985517062685,41.16930995965341
171,Bridgetown_Barbados,-59.62735286476006,13.106610345786764
172,Brighton_Trinidad and Tobago,-61.62977777123068,10.247199691586276
173,Brindisi_Italy,17.98103540179853,40.63992779088254
174,Brisbane_Australia,153.14619400858203,-27.406572715273086
175,Brofjorden_Sweden,11.426020564467334,58.348362871902495
176,Broome_Australia,122.20681241816035,-18.000418183717404
177,Brownsville_U.S.A.,-97.38131985656962,25.95841202043533
178,Bruges_Belgium,3.2133634894763943,51.24521275592365
179,Brunsbuttel Elbahafen_Germany,9.185418525437134,53.90381407387462
180,Brunswick_U.S.A.,-81.51429277158499,31.134911805221375
181,Buchanan_Liberia,-10.044199647280132,5.865751937288845
182,Buco_Philippines,124.75273721573049,8.51719399803564
183,Buenaventura_Colombia,-77.06581334480259,3.894764636138905
184,Buenos Aires_Argentina,-58.35465312307167,-34.61624440273135
185,Buffington_U.S.A.,-87.41013212216946,41.64109291251145
186,Buka_Papua New Guinea,154.6717335113217,-5.4322042375680875
187,Bukhta Vanino_Russia,140.30426821240962,49.09101663731453
188,Bukhta nagayeva (Nagadan)_Russia,150.72655458896077,59.56369959080027
189,Bullen Baai_Curacao,-69.02099646017106,12.189278984160348
190,Bunbury_Australia,115.66435570624151,-33.32219749480332
191,Bur Safago_Egypt,33.94198428323136,26.72403920467992
192,Bur Said (Port Said)_Egypt,32.308172322574926,31.248980131527166
193,Burgas_Bulgaria,27.48799116814504,42.466666091772694
194,Burnie_Australia,145.9106441751981,-41.0533781567674
195,Burns Harbor_U.S.A.,-87.14109301133588,41.63258680299059
196,Bushehr_Iran,50.834556919241244,28.991392737216668
197,Butinge Oil Terminal_Lithuania,21.10657062804578,56.05982752760945
198,Butuan City_Philippines,125.50937217739533,9.276217873209772
199,Cabanas_Cuba,-83.9675702505027,22.672316867457056
200,Cabedelo_Brazil,-34.8395259837327,-6.969464396047005
201,Cadiz_Spain,-6.264049633056291,36.520248917508596
202,Cagatan De Oro_Philippines,124.70503356218092,8.488109913208437
203,Cagliari_Italy,9.083870555905952,39.23065295858374
204,Cairns_Australia,145.7732437762575,-16.941170552646756
205,Calabar_Nigeria,8.325287063218637,5.0065214031814405
206,Calais_France,1.8759578106355175,50.96801745657225
207,Calcutta_India,88.29712005199066,22.537849319086714
208,Caleta Patillos_Chile,-70.19485344906076,-20.781915376266596
209,Calumet Harbor_U.S.A.,-87.55537218104462,41.679288080971006
210,Campana_Argentina,-58.94992598265544,-34.15904717417991
211,Canaport (St. John)_Canada,-65.98520299326059,45.21363089312534
212,Canaveral Harbor_U.S.A.,-80.6161024350297,28.41080309566609
213,Cang Doosan Vina_Vietnam,108.80147888744791,15.40450592768543
214,Cap Haitien_Haiti,-72.19569269242677,19.759548102699718
215,Cape Town_South Africa,18.448666110456454,-33.91583534209927
216,Caracasbaai_Curacao,-68.86188648235863,12.072598442709438
217,Cardiff_United Kingdom,-3.1548113451078716,51.46442499135054
218,Cartagena_Colombia,-75.51701302309047,10.335970436969744
219,Cartagena_Spain,-0.9459564558864795,37.576610271448054
220,Casablanca_Morocco,-7.579033100515304,33.6066865241885
221,Castries_Saint Lucia,-61.00842029552925,13.995850553311971
222,Catania_Italy,15.092417905181877,37.494646289849165
223,Cayo Moa Grande_Cuba,-74.90891771090514,20.652484082378145
224,Cebu_Philippines,123.93821838232437,10.314095833037655
225,Chaguaramas_Trinidad and Tobago,-61.64031992335243,10.680684793028014
226,Chan Bahar_Iran,60.61113562206873,25.296302259513336
227,Changshu_China,120.96607736726082,31.75767913970025
228,Changzhou_China,120.00006278614973,31.975338450180967
229,Chaozhou_China,117.10908362477804,23.568240699753247
230,Charco Azul_Panama,-82.8782103611617,8.206551437126809
231,Charleston_U.S.A.,-79.92146236094116,32.898218420452174
232,Charlestown_Saint Kitts and Nevis,-62.62299488033464,17.10980391494159
233,Charlotte Amalie_U.S. Virgin Islands,-64.9376450401164,18.333784037774123
234,Chatnam Docks_United Kingdom,0.546896117252981,51.400974458396085
235,Chennai (Madras)_India,80.29233770583772,13.101108651575506
236,Cherry Point_Canada,-122.71562490268778,48.854729141287024
237,Chester_U.S.A.,-75.34091969471264,39.85290360002962
238,Chi-Lung_Taiwan,121.75190743270741,25.146922631328657
239,Chiba Ko_Japan,140.05021044358605,35.52506357099509
240,Chiriqui Grande_Panama,-82.1209927558274,8.954231224577107
241,Chittagong_Bangladesh,91.82003150756951,22.282584334282742
242,Chiwan_China,110.0339060972185,19.96370682752337
243,Christiansted_U.S. Virgin Islands,-64.6983707068781,17.746928297908
244,Cienfuegos_Cuba,-80.49423546093823,22.17271337953864
245,Cilacap_Indonesia,109.05115436852766,-7.707132402652617
246,Cirebon_Indonesia,108.59315215525962,-6.738128952668733
247,Civitavecchia_Italy,11.779617694154776,42.10231418522503
248,Clarkson_Canada,-79.61749047924192,43.49754977272988
249,Cleveland_U.S.A.,-81.67557689278215,41.47424496222591
250,Clifton_Saint Vincent and the Grenadines,-61.4169126704896,12.59685730511931
251,Clifton Pier_Bahamas,-77.54462396530776,25.005149283631273
252,Coatzacoalcos_Mexico,-94.4005152539041,18.121688880484307
253,Coles Bay Oil Terminal_Sint Maarten,-63.08061897722931,18.024250291172375
254,Colombo_Sri Lanka,79.83999428435042,6.9507462098069785
255,Colonia_Micronesia,138.12505000030373,9.51536734382592
256,Come By Chance Harbor_Canada,-54.00134169161896,47.787903912235286
257,Comodoro Rivadavia_Argentina,-67.44896237518802,-45.83285881102564
258,Conakry_Guinea,-13.715076122866648,9.513913199662538
259,Conchan Oil Terminal_Peru,-76.92693946829098,-12.248818774147034
260,Constanta_Romania,28.648711676889082,44.12966725456793
261,Corinto_Nicaragua,-87.16904753350576,12.481025748452184
262,Cork_Ireland,-8.354061047495522,51.87467728739845
263,Coronei_Chile,-73.16183152389009,-37.026212345658685
264,Corpus Christi_U.S.A.,-97.36477745915629,27.84386529003714
265,Cotonou_Benin,2.422824167039307,6.345736200470903
266,Covenas Offshore Term._Colombia,-75.69854017746982,9.404279347416916
267,Cueta_Spain,-5.315908343212783,35.8954768592637
268,Cuxhaven_Germany,8.720975046870516,53.85235351539411
269,Da Nang_Vietnam,108.22932302537963,16.114930505504987
270,Daesan Hang_South Korea,126.41497110565227,37.018550007384064
271,Dahej_India,72.55520614823578,21.71080178956413
272,Dakar_Senegal,-17.426018746450264,14.683490416096607
273,Dalian_China,121.76181286431384,38.98681999583581
274,Damietta_Egypt,31.759384083409635,31.462139210301544
275,Damman_Saudi Arabia,50.19359209102659,26.475939871280687
276,Dampier_Australia,116.73504778858995,-20.630429703735555
277,Dandong_China,124.1459037052229,39.80346881132385
278,Dar Es Salaam_Tanzania,39.29591462491407,-6.843267100285127
279,Daru_Papua New Guinea,143.20949355027662,-9.065973060660655
280,Darwin_Australia,130.89704688739153,-12.49604546886004
281,Davao_Philippines,125.66246411779969,7.196231567459083
282,Davisville Depot_U.S.A.,-71.41940392562124,41.60753527694464
283,De Kastri_Russia,140.77825482212248,51.468772825310964
284,Degrad Des Cannes_French Guiana,-52.275321082250294,4.857099786750236
285,Delfzijl_Netherlands,6.9637305920885195,53.31554724370935
286,Delta Terminal_Turkey,36.15068630022853,36.86066460277438
287,Derince Burnu_Turkey,29.78284497770941,40.75854289660498
288,Devonport_Australia,146.3658698454147,-41.18267641526178
289,Dhaka_Bangladesh,90.44867582620697,23.662299001855477
290,Dhamara Port_India,86.95898707690651,20.827998294515318
291,Dhekelia_Cyprus,33.313429968253345,34.723079829805535
292,Dili_Timor-Leste,125.56115592837791,-8.548619820097068
293,Djen-Djen_Algeria,5.886657020940555,36.82053491911558
294,Djibouti_Djibouti,43.105969041399334,11.59813545728309
295,Djupivogur_Iceland,-14.287090518152239,64.6606103457743
296,Djupviken_Norway,11.301853034889602,63.75198874147132
297,Donggala_Indonesia,119.82544331351257,-0.7482922848785305
298,Dos Bocas Terminal_Mexico,-93.18372468431315,18.43201350312354
299,Douala_Cameroon,9.682844935465257,4.052306861401107
300,Dover_Australia,147.02645019750796,-43.34182537820393
301,Dover Harbor_United Kingdom,1.3249885700436816,51.12063399164693
302,Drammen_Norway,10.241562603677528,59.737336433825384
303,Drogheda_Ireland,-6.339261670029629,53.71699679190025
304,Duba_Saudi Arabia,35.546450112529165,27.559941845180564
305,Duba Bulk Plant Tanker Terminal_Saudi Arabia,35.73490644018537,27.327596200915554
306,Dubayy_United Arab Emirates,55.29384236896656,25.275357296530736
307,Dublin_Ireland,-6.204857846451864,53.346294811692246
308,Dudinka_Russia,86.17785469742357,69.40332242358537
309,Dumai_Indonesia,101.4150015541598,1.7205919904235452
310,Dunkerque Port Ouest_France,2.2650983767215314,51.019137246316454
311,Durban_South Africa,31.023232640904553,-29.88175281795731
312,Durres_Albania,19.443232335422504,41.34278886268313
313,Dzaoudzi_Mayotte,45.280102415818654,-12.766923183913956
314,EL Segundo_U.S.A.,-118.40231750412632,33.91574990898942
315,East London_South Africa,27.901085616058573,-33.02828718687949
316,Eemshaven_Netherlands,6.840573749622845,53.44022780828543
317,El Grao_Spain,0.008584438607215377,39.95984444857279
318,El Guamache_Venezuela,-64.02939499914646,10.877254354420906
319,El Jorf Lasfar_Morocco,-8.60894932937854,33.11413462324195
320,El Palito_Venezuela,-68.1361758087958,10.483783080855767
321,El-Adabiya_Egypt,32.463177377122264,29.90334699814889
322,Elevsis_Greece,23.533906215396012,38.04251273739594
323,Emden_Germany,7.1835765824405975,53.34618554834434
324,Empire_U.S.A.,-124.25923572595303,43.42712249198471
325,Ende_Indonesia,121.65353531462266,-8.850383156457434
326,Ensenada_Mexico,-116.62433496509038,31.849875933153523
327,Eregli_Turkey,31.416529501939042,41.264690784862886
328,Esbjerg_Denmark,8.466451740006178,55.464498404350934
329,Eskifjordhur_Iceland,-14.078625653668324,65.04734158811264
330,Esmeraldas_Ecuador,-79.65071532206305,0.9904544753830374
331,Esperance_Australia,121.90068415151876,-33.872087932278454
332,Europa Point_Gibraltar,-5.359618733718784,36.136966657122066
333,Everett_U.S.A.,-122.2237246988315,47.977053989064366
334,Ez Zueitina_Libya,20.083112933285182,30.89542915673118
335,Falkenberg_Sweden,12.466670780021643,56.89906644628713
336,Falmouth_Jamaica,-77.64899312226112,18.493444819294808
337,Falmouth Harbour_United Kingdom,-5.054106351356307,50.15298893507866
338,Famagusta_Turkey,33.967493279699156,35.23012570598
339,Fang-Cheng_China,108.37023099466673,21.61998538831846
340,Faradofay_Madagascar,46.963779013702755,-25.066765429158135
341,Fare_French Polynesia,-151.0343350194501,-16.71469840875159
342,Fawley Marine Terminal_United Kingdom,-1.3526716507163834,50.84176863334788
343,Felixstow_United Kingdom,1.289008126080907,51.952926917634066
344,Ferrol_Spain,-8.24621221548524,43.47368053610158
345,Figueira Da Foz_Portugal,-8.846574644922146,40.147274005944965
346,Finnart Oil Terminal_United Kingdom,-4.83384785863959,56.11382553929753
347,Finnsnes_Norway,18.080963856765,69.22176981084895
348,Flekkefjorden_Norway,6.889566606771076,58.276385705116176
349,Floro_Norway,5.050497948689998,61.60169561669036
350,Fort De France_Martinique,-61.04662992244061,14.602491901216629
351,Fos_France,4.886551354089155,43.43926590015149
352,Founchon_U.S.A.,-90.20508733105365,29.130313732171757
353,Foynes_Ireland,-9.075064181081693,52.618667134788396
354,Fredericia_Denmark,9.747595040191817,55.55739129854707
355,Frederikshavn_Denmark,10.545740150560743,57.438501086329325
356,Fredrikstad_Norway,10.95755315387308,59.186659578075
357,Freeport_Bahamas,-78.76241555382548,26.52448078920058
358,Freeport_U.S.A.,-95.32657495267236,28.94389246638628
359,Freeriksvaerk_Denmark,12.012807592808848,55.962761960984054
360,Freetown_Sierra Leone,-13.201865080168686,8.486449291934766
361,Fremantle_Australia,115.77230353320263,-32.14292493232356
362,Fujayrah Harbor_United Arab Emirates,56.36059209923378,25.207215811735917
363,Fukui Ko_Japan,136.1153527310234,36.18563639446491
364,Fukuyama_Japan,133.44032683316013,34.46267457236883
365,Funabashi_Japan,139.96847786220405,35.67386779039005
366,Funafuti Atoll_Tuvalu,179.19530443756568,-8.50272105795818
367,Funchal_Portugal,-16.73231158545827,32.74148700653659
368,Furku_Finland,22.18772453085351,60.44502986683008
369,Fushiki-Toyama_Japan,137.13893501869248,36.77082695352696
370,Fuzhou_China,119.49392028720891,25.79837922879621
371,Gabes_Tunisia,10.088863513445956,33.91896672225132
372,Galeota Point Terminal_Trinidad and Tobago,-61.002096162579484,10.13808297937589
373,Galveston_U.S.A.,-94.8040113208835,29.310101607117126
374,Galway_Ireland,-9.044154516605978,53.269714466809674
375,Gaogang_China,119.80267378945658,32.31491827633843
376,Garlston_United Kingdom,-2.8989495873418436,53.29460736405625
377,Gary_U.S.A.,-87.3405878657203,41.62024476289262
378,Gavan Vysotsk_Russia,28.563640874778944,60.605172028018394
379,Gavle_Sweden,17.245586375288745,60.68752231499603
380,Gdansk_Poland,18.696713491153087,54.375537138995206
381,Gdynia_Poland,18.52401235216365,54.53536186533898
382,Gebig_Brazil,-44.23504437176918,-23.05693134305684
383,Geelong_Australia,144.36484090346184,-38.09500702541215
384,Gela_Italy,14.28094308928735,37.05167151205082
385,Gemlik_Turkey,29.103520252764486,40.41251772179447
386,General Santos_Philippines,125.14843612578542,6.062492720871642
387,Genova_Italy,8.853103997784679,44.414053254580956
388,Georgetown_Bahamas,-75.76789183060212,23.506733513857505
389,Georgetown_Cayman Islands,-81.38381020281169,19.29629063146726
390,Georgetown_Guyana,-58.169471955418345,6.798599521959958
391,Geraldton_Australia,114.59421547584203,-28.776051155707957
392,Ghazaquet_Algeria,-1.862520528655874,35.102209949009264
393,Ghent_Belgium,3.765769382125089,51.13053237991329
394,Gijon_Spain,-5.694606874739111,43.559854852422724
395,Gioia Tauro_Italy,15.91360506312107,38.46303402178856
396,Gisborne_New Zealand,178.02786530773696,-38.67593530129398
397,Gizo Harbor_Solomon Islands,156.8422135099115,-8.103092926495288
398,Gladstone_Australia,151.21576003543896,-23.819823920193354
399,Glasgow_United Kingdom,-4.371382991425104,55.88017638449718
400,Glomfjord_Norway,13.93688626853775,66.81001204434595
401,Golcuk Burnu_Turkey,29.867604505158585,40.71895591548459
402,Golfito_Costa Rica,-83.16706318316119,8.63700752280581
403,Gomen_New Caledonia,164.40430209891642,-20.75975164715002
404,Goole_United Kingdom,-0.8849444857894483,53.70023944247273
405,Goose Bay_Canada,-60.39998959413447,53.34291435831589
406,Gorgon LNG_Australia,115.4605061847014,-20.793013660887503
407,Gorontalo_Indonesia,123.06504946665946,0.5049650382631359
408,Goteborg_Sweden,11.898473270151493,57.70709576975334
409,Goto Oil Terminal_Bonaire,-68.38355943254608,12.222782093436525
410,Gourd Shanzui_China,121.29747793664026,39.53867177305415
411,Gove_Australia,136.71571659981433,-12.197440346163372
412,Grand Haven_U.S.A.,-86.21352485441831,43.05255458184425
413,Grand Isle_U.S.A.,-89.96637379771975,29.255104745051103
414,Grand Turk_Turks and Caicos Islands,-71.14781938789915,21.435204725366003
415,Grangemouth_United Kingdom,-3.6890419158361203,56.02141771485328
416,Gravesend_United Kingdom,0.35213838320823687,51.450214100796195
417,Great Yarmouth_United Kingdom,1.732184112423314,52.58874495346566
418,Green Bay_U.S.A.,-88.0211280085019,44.5223044600544
419,Grenaa Havn_Denmark,10.927351922750919,56.41615467077533
420,Gresik_Indonesia,112.644754915631,-7.141779012116805
421,Grimsby_United Kingdom,-0.0768729045801297,53.57754169000443
422,Guaiba Island Terminal_Brazil,-43.785468520762564,-22.915815304617254
423,Guangdong Yangjiang Port_China,111.84095891963987,21.696157806335968
424,Guangxi Beibu Gulf Port_China,109.54577331897656,21.52009451880088
425,Guangzhou_China,113.43695469673709,23.03927529528321
426,Guayaquil_Ecuador,-79.92322008615352,-2.2574647341706204
427,Guaymas_Mexico,-110.8674312204085,27.923347334111632
428,Gulfport_U.S.A.,-89.0928986516985,30.355669657266926
429,Gulluk_Turkey,27.606059743146727,37.253745951297766
430,Gustavia_Saint-Barthelemy,-62.852662678429354,17.902996213340842
431,Gwadar_Pakistan,62.33852779859878,25.108960751794747
432,Gwangyang Hang_South Korea,127.71310719324005,34.8748047559634
433,Hachinohe Ko_Japan,141.51085870900172,40.54548556842416
434,Hai Phong_Vietnam,106.73112908296956,20.849818692621614
435,Haifa_Israel,35.033892721027605,32.81168055810069
436,Haifeng power_China,115.04386570109699,22.753402487546744
437,Haikou_China,110.28059203879039,20.032329743037312
438,Haimen_China,121.55687343615541,28.829060355518916
439,Hakata_Japan,130.39151575681774,33.633269208342824
440,Hakodate Ko_Japan,140.68885507100228,41.802168224687364
441,Halden_Norway,11.37543841053945,59.11486797233733
442,Haldia Port_India,88.1040333567484,22.058095913243562
443,Halifax_Canada,-63.56883560682158,44.66245269544055
444,Halmstad_Sweden,12.866198476175148,56.656334656721455
445,Hamada Ko_Japan,132.05153522534945,34.87935438348828
446,Hamburg_Germany,9.959133856687705,53.51988363235439
447,Hamilton_Canada,-79.81550625426152,43.278306045459885
448,Hamina_Finland,27.162891983440275,60.53357892267356
449,Hammerfest_Norway,23.632692524297585,70.6613637986653
450,Hanko_Finland,22.930584669920826,59.81967502933521
451,Hankow_China,114.45731666524158,30.597892045390704
452,Hannan Ko_Japan,135.34561279418912,34.45512540486575
453,Harbor Yeweiju_China,118.94677178437108,38.08996396141759
454,Harlingen_Netherlands,5.427956747155411,53.182879423224854
455,Harmac_Canada,-123.86596849181272,49.141751101587985
456,Haroysund_Norway,7.053108848685284,62.864280194707405
457,Haydarpasa_Turkey,29.015175010004643,41.00041793350343
458,Haypoint_Australia,149.28753749643894,-21.28115922279067
459,Helsingborg_Sweden,12.749763680566074,55.97172210719959
460,Helsinki_Finland,25.04096623249977,60.18482624930755
461,Hera_Timor-Leste,125.68894379339481,-8.536867996669343
462,Heysham_United Kingdom,-2.9134488350056267,54.03462544650522
463,Higashi-Harima_Japan,134.81510197876736,34.73030566972099
464,Hilo_U.S.A.,-155.05570604803603,19.72771743704332
465,Himeji_Japan,134.63818254432726,34.77424553204388
466,Hiroshima_Japan,132.44628718503145,34.34509494189042
467,Hirtshals_Denmark,9.978326456725016,57.59149285895762
468,Hitachi_Japan,140.61619260430535,36.453699232287036
469,Hobart_Australia,147.32446375140313,-42.851912107980404
470,Hobro_Denmark,9.801155673921425,56.63960325922077
471,Hofu_Japan,131.57398778772966,34.02268557593034
472,Homikawa_Japan,137.84438763195683,37.03556972232509
473,Hon Gai_Vietnam,107.05834869353599,21.000684984200515
474,Hong Kong_Hong Kong,114.10501230281031,22.33183082586136
475,Honiara_Solomon Islands,159.9903919448054,-9.422874641307844
476,Honolulu_U.S.A.,-157.91345204820104,21.335808631636823
477,Hopa_Turkey,41.430849880074305,41.41064994508757
478,Horta_Portugal,-28.621504043300686,38.53300995941753
479,Horten_Norway,10.490113527357542,59.412729290140874
480,Hososhima Ko_Japan,131.67610112725438,32.50154809745466
481,Houston_U.S.A.,-95.12571090854252,29.719494709809958
482,Hua-Lien Kang_Taiwan,121.62815567128055,23.982044599688443
483,Huelva_Spain,-6.913699387869499,37.19439151385285
484,Huizhou_China,114.61194198640644,22.740546961547462
485,Husum_Germany,9.036401175107512,54.471600910132764
486,Husum_Sweden,19.16518593045896,63.32298898434749
487,Ijmuiden_Netherlands,4.618087068292279,52.476160213163304
488,Iligan_Philippines,124.22973308917088,8.23652393588271
489,Illichivsk_Ukraine,30.656737485050705,46.331206692389074
490,Imabari Ko_Japan,133.01857924163323,34.06029688421322
491,Imatra_Finland,28.83231317203227,61.23746343682317
492,Imbituba_Brazil,-48.65338600688456,-28.230720275344513
493,Immingham_United Kingdom,-0.22479084820495948,53.64197499605549
494,Inchon_South Korea,126.62049956900317,37.4358096679283
495,Indiana Harbor_U.S.A.,-87.44863212516387,41.667319008912514
496,Indonesia Morowali Industrial Park_Indonesia,122.16952247492574,-2.8214432828486267
497,Inkoo_Finland,23.92747744138076,60.01756562110554
498,Ipswich_United Kingdom,1.162079825896365,52.03702188903243
499,Iquique_Chile,-70.15851046160424,-20.20592225124953
500,Iraklion_Greece,25.146824225651905,35.3442786884687
501,Ishikari Bay New Port_Japan,141.29297054917637,43.20093934728935
502,Ishinomaki Ko_Japan,141.27745752813047,38.413637103730416
503,Iskenderun_Turkey,36.193183834574064,36.601065489892235
504,Istanbul_Turkey,28.76060813221586,40.97157238419356
505,Itajai_Brazil,-48.66736645138893,-26.89370100966605
506,Itaqui_Brazil,-44.35326942590802,-2.630437805192513
507,Iverness_United Kingdom,-4.232082966871554,57.49031789968475
508,Iwakuni Ko_Japan,132.2365441406331,34.203456652746546
509,Izhevskoye_Russia,20.171865667652334,54.68270602764579
510,Izmir_Turkey,27.15616175479809,38.44304143902228
511,JSW Jaigad Port Limited_India,73.21958343950132,17.295191912865782
512,Jabal Az Zannah-Ruways_United Arab Emirates,52.70958988381599,24.127533611479084
513,Jacksonville_U.S.A.,-81.58166729973748,30.378984347934736
514,Jakarta_Indonesia,106.89852888365081,-6.102643100804231
515,Jakobstad_Finland,22.7042338281209,63.70714007142893
516,Jayapura_Indonesia,140.71923479691702,-2.5353262555008103
517,Jiangyin_China,120.15920733304215,31.934935578448442
518,Jiddah_Saudi Arabia,39.16651851084714,21.45979452056946
519,Jiddah Oil_Saudi Arabia,39.541632190088,20.65379009200785
520,Jimenez_Philippines,123.85235454839253,8.245884399218815
521,Jinzhou Wan_China,121.01636445718455,40.77483326797485
522,Joensuu_Finland,29.752560265774186,62.58345725073842
523,Johor_Malaysia,103.91563748333056,1.4581594330625718
524,Jose Terminal_Venezuela,-64.86754664686505,10.067548871729585
525,Joutseno_Finland,28.461121748836803,61.133716256394464
526,Ju Aymah LPG Terminal_Saudi Arabia,49.966016707969885,26.809098465994353
527,Kaba Burnu_Turkey,29.544898651482992,40.76409911194269
528,Kagoshima Ko_Japan,130.5452911349794,31.538484168116348
529,Kakinada Bay_India,82.27193004050626,16.988026489865213
530,Kaliningrad_Russia,20.45271416336935,54.69718497038267
531,Kalmar_Sweden,16.36928450214658,56.65793581025974
532,Kalundborg_Denmark,11.099838724643044,55.66596064808483
533,Kamaishi Ko_Japan,141.88983405486346,39.267583468784615
534,Kamarajar Port_India,80.33805662819186,13.278271617312452
535,Kampong Saom_Cambodia,103.52755419055889,10.679299735817928
536,Kamsar_Guinea,-14.606774658205255,10.648316010863526
537,Kanazawa_Japan,136.6141939513046,36.616910456757424
538,Kanda_Japan,130.99260145793647,33.825499141526684
539,Kandalaksha_Russia,32.40917546019493,67.13718915232295
540,Kandla_India,70.2157365344286,23.008409391682555
541,Kao Hsiung_Taiwan,120.32228335381637,22.56299046741626
542,Karabiga_Turkey,27.198606419358818,40.429364408996605
543,Karachi_Pakistan,66.98395139059309,24.82286821797436
544,Karaikal Port_India,79.84228539657263,10.840233260240359
545,Karatsu_Japan,129.95498080496967,33.476527580221386
546,Karlshamn_Sweden,14.79597885491112,56.16106348972483
547,Karsto_Norway,5.505177009902249,59.2751880119616
548,Kashima Ko_Japan,140.69244608456145,35.91646956392472
549,Kasim Terminal_Indonesia,131.02632631863003,-1.3139567197921298
550,Kaskinen_Finland,21.218780191100738,62.35641043196776
551,Kaukas_Finland,28.236851664318465,61.06957704355662
552,Kavala_Greece,24.50448677252298,40.95450642575466
553,Kavieng Harbor_Papua New Guinea,150.7887874712489,-2.5874935816553317
554,Kavkaz Oil Terminal_Russia,36.66763981357875,45.3361949947579
555,Kawasaki Ko_Japan,139.75538983366405,35.51641970068251
556,Kemaman Harbor_Malaysia,103.45889320896899,4.257138310057966
557,Kemi_Finland,24.524096585735506,65.66572130411528
558,Kendari_Indonesia,122.60294908674628,-3.97904080036994
559,Kerch_Ukraine,36.463918587717075,45.33753474863162
560,Khalifa Bin Salman_Bahrain,50.67641962440334,26.254590116514937
561,Khawr Fakkan_United Arab Emirates,56.36871745162467,25.353719459734812
562,Khoms_Libya,14.245168633184106,32.67820132363235
563,Khorramshahr_Iran,48.15475724642278,30.443480176609707
564,Kiel_Germany,10.15958977478708,54.325650436055454
565,Kieta_Papua New Guinea,155.63839727242194,-6.218780747333988
566,Kiire_Japan,130.5485594375483,31.387949086342314
567,Kikuma Ko_Japan,132.86218359972088,34.053631889124844
568,Kilifi_Kenya,39.845184944107395,-3.638840130907212
569,Kimbe_Papua New Guinea,150.1472372328495,-5.550333217924072
570,King Fahd Port_Saudi Arabia,38.271965286452485,23.948458948137404
571,King's Lynn_United Kingdom,0.39232595102816975,52.76476458967706
572,Kingston_Jamaica,-76.79525206993218,17.98061395434408
573,Kingston Upon Hull_United Kingdom,-0.26514462261818783,53.74024426654623
574,Kingstown_Saint Vincent and the Grenadines,-61.23593270373875,13.159095260977532
575,Kinuura Ko_Japan,136.9546404983766,34.875880301100125
576,Kiribati_Kiribati,-157.48622032611436,2.0071750179422967
577,Kirteh Oil Terminal_Malaysia,103.45300161603923,4.57487914862524
578,Kisarazu Ko_Japan,139.8669826445799,35.35924906333828
579,Klaipeda_Lithuania,21.13612431809857,55.68625600193838
580,Klein Point_Australia,137.7740789978679,-34.9609237008833
581,Kobe_Japan,135.22413622280627,34.668937901091496
582,Kobenhavn_Denmark,12.614833947327863,55.69394280950385
583,Kochi (Chochin)_India,76.25838782123982,9.968812993382219
584,Kochi Ko_Japan,133.57095343776234,33.5260155110857
585,Koge_Denmark,12.19820254771532,55.460322081144476
586,Kokkala_Finland,23.038920341594185,63.8530360928688
587,Koko_Nigeria,5.460398226385515,5.999480653220266
588,Kolding_Denmark,9.491644332088217,55.491310769708384
589,Komatsushima_Japan,134.60176554505676,34.059484208349794
590,Kondopoga_Russia,34.26996686682002,62.18409245776327
591,Koolan_Australia,123.75042865968307,-16.14297493345025
592,Koper_Slovenia,13.748755875507118,45.55724731672742
593,Koror_Palau,134.47968097508763,7.3512386906777385
594,Korsakov_Russia,142.8451914636803,46.6265016687868
595,Kota Baru_Indonesia,116.23272510619127,-3.2433983251841814
596,Kota Kinabalu_Malaysia,116.08175940317032,5.994709972087122
597,Kotka_Finland,26.925484124650357,60.46441004898703
598,Kralendijk_Bonaire,-68.27700940536886,12.148534451016026
599,Krishnapatnam Port_India,80.11746166626739,14.261166649084748
600,Kristiansand_Norway,8.004818468262117,58.146847111916394
601,Kristiansund_Norway,7.744863569815596,63.10596755797017
602,Kuala Belait_Brunei,114.19336839123552,4.580382991278818
603,Kuantan New Port_Malaysia,103.39363302365008,3.980570861047976
604,Kuching_Malaysia,110.42398993259798,1.5717406045786715
605,Kudamatsu_Japan,131.8695374433938,33.996629535009504
606,Kulevi Oil Terminal_Georgia,41.63970361254085,42.269630079950076
607,Kunda_Estonia,26.54459464790094,59.52041266501447
608,Kunsan_South Korea,126.59719241458731,35.97407515489732
609,Kupang_Indonesia,123.52812195855545,-10.196596100065266
610,Kure_Japan,132.5692577539735,34.22665817370815
611,Kushiro Ko_Japan,144.3506649321389,42.98976079512344
612,Kwajalein_Marshall Islands,167.7360825844605,8.728948335917822
613,Kyrenia_Turkey,33.332864077818456,35.34240764589398
614,LNG Tangguh_Indonesia,133.12866979176997,-2.439469884526193
615,La Baie (Port Alfred)_Canada,-70.85423791075168,48.36665727380095
616,La Ceiba_Honduras,-86.76187579757307,15.79060964843996
617,La Coruna_Spain,-8.453736610040496,43.341538841358975
618,La Guaira_Venezuela,-66.94550048302514,10.600982416415633
619,La Libertad_Ecuador,-80.90045774602314,-2.2228739459309863
620,La Pallice_France,-1.2131358277757254,46.16022676196934
621,La Plata_Argentina,-57.90746960383756,-34.87030319753635
622,La Spezia_Italy,9.844155983946044,44.096021033033736
623,Laayoune_Western Sahara,-13.422041707375357,27.072828364968412
624,Lae_Papua New Guinea,146.98753240654472,-6.736581984837037
625,Lafarge_Indonesia,95.24424007170545,5.452006229045141
626,Lagos_Nigeria,3.324753032485614,6.4457283598507615
627,Lagos_Portugal,-8.52810364237927,37.13034222448382
628,Lahad Datu_Malaysia,118.35983400683463,5.021116853601029
629,Lake Charles_U.S.A.,-93.30899368347465,30.186121689147715
630,Lakselv_Norway,15.586775272560315,67.36278186220778
631,Lamu_Kenya,40.91448736543016,-2.1964842335851733
632,Lanqiao Port_China,119.34858288782311,35.10591993005579
633,Larnaca_Cyprus,33.64154033920553,34.92968709292955
634,Larvik_Norway,10.04796215033887,59.039913414527234
635,Las Palmas_Spain,-15.411476617291482,28.148306434046372
636,Lautoka Harbor_Fiji,177.44122290758912,-17.606758379359153
637,Lazaro Cardenas_Mexico,-102.18329602131678,17.94539756472039
638,Le Legue_France,-2.7255593856537566,48.52817729416552
639,Leith_United Kingdom,-3.1744740844997574,55.98274526662744
640,Lele Harbor_Micronesia,162.95638641833162,5.351519597933523
641,Lerwick_United Kingdom,-1.1575331501547397,60.163413051421635
642,Les Sables D' Olonne_France,-1.7916210644574337,46.49898769397292
643,Levuka_Fiji,178.83670922937196,-17.686340732020266
644,Lianyungang_China,119.4351827745157,34.74155246463505
645,Libreville_Gabon,9.45284051195514,0.37838409893597136
646,Liepaja_Latvia,21.01764807976845,56.535278601473415
647,Limassol_Cyprus,33.01510073787297,34.65076061493713
648,Limerick_Ireland,-8.647786196660578,52.65616324919276
649,Limetree Bay_U.S. Virgin Islands,-64.7569882526589,17.705531631342705
650,Linden_Guyana,-58.302677452385936,5.999976260526374
651,Lingkas_Indonesia,117.5932678330739,3.286543489850767
652,Lirquen_Chile,-72.98200758706199,-36.71787723369492
653,Lisboa_Portugal,-9.124402153841862,38.67583722013754
654,Liverpool_United Kingdom,-3.008097761096818,53.424801726901215
655,Livorno_Italy,10.315722337956204,43.570063276533965
656,Lobito_Angola,13.56651926267762,-12.342783188803622
657,Lome_Toga,1.282510636155051,6.145137516132985
658,London_United Kingdom,0.12868036648375272,51.48623348542593
659,London Gateway_United Kingdom,0.5178882846862275,51.510106760048096
660,Londonderry_United Kingdom,-7.25321605198796,55.03965776593284
661,Longkou Gang_China,120.27603786761364,37.661666103284006
662,Longyan Port_China,122.65681635965686,37.405224859970524
663,Lorient_France,-3.357648714675601,47.7388963092616
664,Los Angeles_U.S.A.,-118.24283828712424,33.75661201703513
665,Luanda_Angola,13.28742234243154,-8.781434553293124
666,Luba_Equatorial Guinea,8.54694469596208,3.4631085715179792
667,Lubeck-Travemunde_Germany,10.85563516731134,53.94237586950474
668,Luderitz Bay_Namibia,15.15328844554143,-26.641240105834484
669,Luganville_Vanuatu,167.1900858079909,-15.514697314412182
670,Lulea_Sweden,22.2497943150528,65.55572425805128
671,Lumut_Brunei,114.4728641291596,4.672340499136555
672,Lumut_Malaysia,100.64122139670474,4.222872357952343
673,Macae_Brazil,-41.76866478645025,-22.386171200613557
674,Macau_Macau,113.55680903049159,22.154822647677904
675,Mackay_Australia,149.22288292688174,-21.10746283064458
676,Madang_Papua New Guinea,145.80168023244275,-5.208755750356248
677,Madre De Deus_Brazil,-38.62014472799887,-12.74806096868651
678,Magam Ruhunupura Mahinda Rajapaksa Port_Sri Lanka,81.09479534401969,6.128630944239563
679,Magdalla_India,72.67771552011885,21.133605975538185
680,Mahajanga_Madagascar,46.31131464240971,-15.726081537505099
681,Mailiao_Taiwan,120.19587226039374,23.79136256884457
682,Maizuro Ko_Japan,135.35524099425336,35.475341992165745
683,Majuro Atoll_Marshall Islands,171.36507302472288,7.08494552467073
684,Makhachkala Port_Russia,47.4750542182083,43.00710785392522
685,Malabo_Equatorial Guinea,8.737499648519305,3.768367518411352
686,Malaga_Spain,-4.421452244687341,36.70830942543591
687,Malai_Fiji,179.36289314665592,-16.364124531983297
688,Malakal Harbor_Palau,134.4564156579892,7.332285150153897
689,Male_Maldives,73.49205300978235,4.190075545729552
690,Malmo_Sweden,13.027579882540731,55.6272774822503
691,Malongo_Angola,12.204553678659586,-5.393315903982334
692,Maloy_Norway,5.136762337808448,61.93642164614507
693,Manaus_Brazil,-59.95551377880944,-3.1300377673600113
694,Manila_Philippines,120.84925324838855,14.586769090687174
695,Manitowoc_U.S.A.,-87.66325516435955,44.093041400212655
696,Manokwari Road_Indonesia,134.05148255481737,-0.9210866314683622
697,Manta_Ecuador,-80.7240023880514,-0.9366029382715241
698,Mantyluoto_Finland,21.452714443092997,61.61321169659591
699,Manzanillo_Mexico,-104.28600353773528,19.050734177803097
700,Manzanillo_Panama,-79.88234725225844,9.367862982873534
701,Map Ta Phut_Thailand,101.14277607012896,12.68438299508947
702,Maputo_Mozambique,32.52207844617311,-25.956209409950922
703,Maracaibo_Venezuela,-71.60932961991568,10.622337915419465
704,Mariel_Cuba,-82.75543964527945,23.00530895896479
705,Marin_Spain,-8.697124954158214,42.39929829483354
706,Marina Di Carrara_Italy,10.042930728495863,44.0329094067858
707,Mariupol_Ukraine,37.505386437446724,47.05415165660612
708,Markenes_Norway,19.35894892379058,69.2344889941669
709,Marmagao_India,73.801416653012,15.407239342046724
710,Marsa Sabratah_Libya,12.237987026156008,32.854752474368475
711,Marsaxlokk_Malta,14.538199229736085,35.82185012179608
712,Marseille_France,5.3471831082525165,43.33035444711143
713,Marsh Harbor_Bahamas,-77.06447246945744,26.542394254741986
714,Marugame Ko_Japan,133.76110251132425,34.28860037443549
715,Masan_South Korea,128.64348677775985,35.19744375936333
716,Masao_Philippines,125.84305695543274,9.52532252993516
717,Matadi_Democratic Republic of the Congo,13.444459068149293,-5.827023015474856
718,Matanzas_Cuba,-81.54258172712427,23.062931503924005
719,Matsusaka_Japan,136.55091737564535,34.64556477402822
720,Matsuyama_Japan,132.698991021556,33.81362264436273
721,Matthew Town_Bahamas,-73.64620051379691,21.046864054372147
722,Maumere_Indonesia,122.24191686418948,-8.62506439220089
723,Mazatlan_Mexico,-106.41685120994416,23.193252464868642
724,Mbulo_Solomon Islands,160.63760804002197,-9.643202574442219
725,Medvezjegorsk_Russia,34.455066991129755,62.90209223637432
726,Medway_United Kingdom,0.7478977747952911,51.426158451248206
727,Medway City_United Kingdom,0.5142719818252778,51.39256202033234
728,Mejillones_Chile,-70.39646598292529,-23.082445789866178
729,Melbourne_Australia,144.91818529057252,-37.829144592235984
730,Menominee_U.S.A.,-87.60296853069313,45.096894575762725
731,Merak Mas Terminal_Indonesia,106.09446269791984,-5.935067035641733
732,Merauke_Indonesia,140.3924028476537,-8.476669004377586
733,Mersa Sfax_Tunisia,10.771936736602902,34.72752880811709
734,Mersa Tobruq_Libya,23.983790993440163,32.06130738325865
735,Mersin_Turkey,34.65350914534004,36.8089526070554
736,Miami_U.S.A.,-80.19346903796564,25.781566365831555
737,Midia_Romania,28.65897236885366,44.34073631611224
738,Mikawa_Japan,137.27986622006503,34.742130642544524
739,Milazzo_Italy,15.261854610869149,38.207105471560766
740,Milford Haven_United Kingdom,-5.02319267854951,51.700872835913174
741,Milner Bay_Australia,136.42307092134308,-13.858771426134004
742,Milwaukee_U.S.A.,-87.90882746971843,43.01936553743342
743,Mina Al Ahmadi_Kuwait,48.146004061332,29.053921325892098
744,Mina Jabal Ali_United Arab Emirates,55.0781695930438,25.000356175798316
745,Mina Qabus_Oman,58.565920607222026,23.628809515615007
746,Mina Raysut_Oman,54.00837057466981,16.94241372564371
747,Mina Saqr_United Arab Emirates,56.06280888997102,25.966819809862663
748,Mina Tarabulus (Tripoli)_Libya,13.200939898899271,32.90489763572052
749,Mishima-Kawanoe Ko_Japan,133.55594025713705,34.00653376795846
750,Misratah_Libya,15.215320288462683,32.3446443787002
751,Mitsiwa Harbor_Eritrea,39.46037641404719,15.598592618972923
752,Mizushima Ko_Japan,133.72359358301253,34.499458260260404
753,Mo Inlet_Norway,14.126389545456268,66.3059383504371
754,Mobile_U.S.A.,-88.07253790407303,30.652257691245715
755,Moen_Micronesia,151.84031401321047,7.445428581701008
756,Mohammedia_Morocco,-7.395315333406838,33.719237149191095
757,Mombasa_Kenya,39.63497774385071,-4.048568432360715
758,Monfalcone_Italy,13.551556951163498,45.79278090454707
759,Mongla_Bangladesh,89.58955002042211,22.503245653443766
760,Mongstad_Norway,5.045716535523658,60.82540872109444
761,Monopoli_Italy,17.30505854349214,40.95760637235517
762,Monrovia_Liberia,-10.794286967094092,6.341799770225022
763,Montego Bay_Jamaica,-77.93333774170523,18.460728056422543
764,Montevideo_Uruguay,-56.21558272513134,-34.88864751633671
765,Montoir_France,-2.127277507001856,47.30236249654683
766,Montreal_Canada,-73.53569655423902,45.54284443425246
767,Morehead City_U.S.A.,-76.69590958542481,34.71766302215402
768,Morgan City_U.S.A.,-91.14863449621959,29.665938513253053
769,Moroni_Comoros,43.2469252377787,-11.705397076739056
770,Moss_Sweden,10.667897853134379,59.44761583118494
771,Mostaganem_Algeria,0.07693773590257169,35.934602220119686
772,Motril_Spain,-3.522049565689056,36.721308569803035
773,Moutsamoudu_Comoros,44.39240637702957,-12.167765511126206
774,Muara Harbor_Brunei,115.09142759223549,5.0106475275920275
775,Muhamamad Bin Qasim_Pakistan,67.32137695679663,24.807818396468956
776,Mumbai (bonbay)_India,72.94048139691,18.91937142428409
777,Mundra_India,69.6155417116579,22.765990873033772
778,Muqdisho_Somalia,45.33465355425363,2.024376761354205
779,Murmansk_Russia,33.04834112310464,68.98996135882282
780,Muroran Ko_Japan,140.96916909366013,42.34707248243405
781,Muuga-Port of Talinn_Estonia,24.971815283992278,59.49503603888599
782,Mykolayiv_Ukraine,32.01404223851944,46.939132647440246
783,Naantali_Finland,22.061858580714695,60.45441662174557
784,Nacala_Mozambique,40.650705989845875,-14.535426179297975
785,Nagasaki_Japan,129.84211239783932,32.71622140946311
786,Nagoya Ko_Japan,136.84659880016196,35.032548473412966
787,Nakhodka_Russia,132.88701156016555,42.80364325309178
788,Namibe_Angola,12.135074164300157,-15.158284935047375
789,Namsos_Norway,11.507119343864515,64.46081502232492
790,Nanao Ko_Japan,136.9791728830377,37.05641591391551
791,Nantes_France,-1.6157767026965362,47.192310675947965
792,Nantong_China,120.84186755450946,31.980651233417078
793,Naoetsu Ko_Japan,138.26589974498825,37.19488514691315
794,Napier_New Zealand,176.917857642785,-39.47542158723217
795,Napoli_Italy,14.278934350222858,40.838535349699924
796,Narvik_Norway,17.410918117323384,68.42246459343976
797,Nasipit Port_Philippines,125.33684221164138,8.981522237549278
798,Nassau_Bahamas,-77.34159324423845,25.080617309591155
799,Natal_Brazil,-35.2052416275069,-5.773014232490216
800,Nauru_Nauru,166.91081207546844,-0.5305994502963322
801,Navlakhi_India,70.4523583400663,22.957306982013495
802,Ndora_Solomon Islands,157.55601793500767,-8.390337599917986
803,Neiafu_Tonga,-173.9849564701627,-18.652041267143435
804,Nelson_New Zealand,173.27602772900084,-41.26119437993467
805,Nemrut Limani Bay_Turkey,26.930026357304676,38.756067658810636
806,Nepoui_New Caledonia,164.98858214784067,-21.333616764477846
807,New Amsterdam_Guyana,-57.51887413152671,6.23052608450466
808,New Bedford_U.S.A.,-70.91200749379713,41.62857802880642
809,New Haven_U.S.A.,-72.89282650090601,41.2747784095176
810,New Holland_United Kingdom,-0.3590781905200658,53.70355959069818
811,New Mangalore_India,74.81867485075598,12.93735700832026
812,New Orleans_U.S.A.,-90.12027461214443,29.92553975176945
813,New Plymouth_New Zealand,174.0315785339199,-39.05846032417863
814,New Westminster_Canada,-122.98575764222497,49.176673192536164
815,New York-New Jersey_U.S.A.,-74.1549798163721,40.64355992049968
816,Newcastle_Australia,151.7571512856836,-32.89598495442542
817,Newport_United Kingdom,-2.978647686138798,51.56147950551931
818,Newport News_U.S.A.,-76.43498277240481,36.984235115784486
819,Nghe Tinh_Vietnam,105.75406347468089,19.191090409049544
820,Nice_France,7.28404283545712,43.694329589135556
821,Nicholls Town_Bahamas,-78.0270989551638,25.175751499553368
822,Niigata Ko_Japan,139.16385551597836,37.963717477559705
823,Niihama_Japan,133.2191250399246,33.956600618251834
824,Ningbo_China,121.89423938868599,29.911183959507817
825,Nitti_Sierra Leone,-12.39577197851994,7.7658230980017375
826,Norfolk_U.S.A.,-76.32929099057458,36.84588455709681
827,Norrkoping_Sweden,16.226152205172244,58.618354086158746
828,North Ain Sukhna Port_Egypt,32.353658567932456,29.64657500163487
829,Noshiro Ko_Japan,139.99660812550823,40.20512383831363
830,Nouadhibou_Mauritania,-17.04722903546089,20.854160232184444
831,Nouakchott_Mauritania,-16.025661082377365,17.992458784816588
832,Noumea_New Caledonia,166.42657786636585,-22.251581246916576
833,Novorossiysk_Russia,37.80968399155856,44.72272336418663
834,Nowshahr Port_Iran,51.50855679766977,36.65503352451709
835,Nuevitas Bay_Cuba,-77.23002234885669,21.553868986794345
836,Nuku Alofa_Tonga,-175.18118749772938,-21.138773980631903
837,Nyborg_Denmark,10.786883639109098,55.30151356747563
838,Nynashamn_Sweden,17.962031474948134,58.915583550106604
839,Oakland_U.S.A.,-122.30835130659419,37.8081321602015
840,Ocho Rios_Jamaica,-77.11482877998671,18.40946651825162
841,Odda_Norway,6.53514034392884,60.08968968496869
842,Odense_Denmark,10.45770875954561,55.44024143157823
843,Odesa_Ukraine,30.73875907666157,46.50183771545487
844,Ofunato_Japan,141.72924784889295,39.06309912129854
845,Oil terminal Agioi_Greece,23.074000996929907,37.921170445020536
846,Oita Ko_Japan,131.68874935182927,33.25787230968499
847,Okaram_Turkmenistan,53.83629401785641,38.0474663846436
848,Olbia_Italy,9.528306890110551,40.92739951376671
849,Omisalj_Croatia,14.534387164851418,45.21991189196751
850,Onahama Ko_Japan,140.8844705736286,36.93551670235324
851,Onne_Nigeria,7.159070561821877,4.687629045195828
852,Onodo_Japan,131.16839298913928,33.97494690680181
853,Onomichi-Itozaki_Japan,133.22161968051006,34.41566740198507
854,Onslow_Australia,115.00178310847106,-21.696463254066632
855,Oostende_Belgium,2.9632895353619384,51.219211978257654
856,Oran_Algeria,-0.6384432845673007,35.71093549375428
857,Oranjestad_Sint Eustatius,-62.98630461847184,17.477726884956923
858,Ormoc_Philippines,124.60244729653402,11.006047320768804
859,Ormos Aliveriou_Greece,24.064077226563114,38.375077433237365
860,Oro Bay_Papua New Guinea,148.49397112979543,-8.897885607710306
861,Ortona_Italy,14.413464221769567,42.3532693874384
862,Osaka_Japan,135.43047141298024,34.6447225831364
863,Oskarshamn_Sweden,16.46729922401481,57.267390380652635
864,Oslo_Norway,10.741112417640192,59.896739019213655
865,Otago_New Zealand,170.56565490390557,-45.846544042530724
866,Otaru Ko_Japan,141.0133796692622,43.201116290391155
867,Oulo_Finland,25.426543459700166,64.99778322823279
868,Oxelosund_Sweden,17.125673893378018,58.67443541609862
869,PLTU Semen Tonasa_Indonesia,119.5000739895867,-4.815929354502515
870,Paagoumene_New Caledonia,164.18113433407927,-20.492559438828945
871,Paarden Baai - (Orangestad)_Aruba,-70.01564734009105,12.499659933647662
872,Pago Pago Harbor_American Samoa,-170.6832225796235,-14.2801429112292
873,Paita_Peru,-81.10655459102824,-5.081555071504619
874,Paldiski_Estonia,24.064621429230144,59.34889548654384
875,Palembang_Indonesia,104.83018458128794,-2.9826174764358826
876,Palm Beach_U.S.A.,-80.05587015995799,26.768051732256563
877,Palmeira_Cape Verde,-22.983623071145637,16.75447136022221
878,Palua_Venezuela,-62.708596657457555,8.348030452514212
879,Panama City_U.S.A.,-85.67078970072579,30.158055713464
880,Pangai_Tonga,-174.3517391081901,-19.803727317381693
881,Panjang_Indonesia,105.33040631235458,-5.493233846832189
882,Papeete_French Polynesia,-149.57374154995787,-17.531771596672964
883,Paradip_India,86.64895271135502,20.280932340360174
884,Paramarico_Suriname,-55.158486218400874,5.78676140971297
885,Paranagua_Brazil,-48.51756751681813,-25.505818382770595
886,Parepare_Indonesia,119.6260184976613,-4.003027176504064
887,Parnu_Estonia,24.495658586545805,58.394614507622414
888,Pascagoula_U.S.A.,-88.52663601812772,30.34752306321879
889,Patrai_Greece,21.72770002569958,38.24068189765574
890,Payra_Bangladesh,90.30568293608013,21.997941473485326
891,Pelabuhan Sansakan_Malaysia,118.05587407959908,5.803969565346358
892,Pelabuhan Sungai Udang_Malaysia,102.13589064271596,2.2635994753973705
893,Pelabuhan Tanjung Wangi_Indonesia,114.39714528609406,-8.14332204753469
894,PelabuhanRatuCoalPowerPlant_Indonesia,106.24644075838992,-6.953373539989397
895,Pelotas_Brazil,-52.33274110408981,-31.781332307086856
896,Pemba_Mozambique,40.486768538556575,-12.966797429019756
897,Penglai_China,120.73201973189585,37.79954091784202
898,Pepillo Salcedo_Dominican Republic,-71.74346071647629,19.706320158649802
899,Peterhead_United Kingdom,-1.7867895476304478,57.49318514917571
900,Petrapavlovsk_Russia,158.62835756828707,53.0292178128125
901,Philadelphia_U.S.A.,-75.13474339303367,39.9060857016514
902,Phillipsburg_Sint Maarten,-63.045247259170914,18.011670674056045
903,Phu My_Vietnam,107.02580689710668,10.574499208674675
904,Phuket_Thailand,98.4048239635383,7.823665763580704
905,Pichilingue_Mexico,-110.33087169943859,24.27041774868649
906,Picton_New Zealand,174.00260565837095,-41.28309310694311
907,Pipavav Bandar_India,71.45646726137126,20.902591570115113
908,Piraievs_Greece,23.602649504049822,37.95253615130399
909,Pitea_Sweden,21.563085105316755,65.25599268873525
910,Playa De Guayanilla_Puerto Rico,-66.74944001561067,17.99550237923925
911,Playa De Ponce_Puerto Rico,-66.61530912971064,17.970483215923696
912,Ploce_Croatia,17.429778215807143,43.04150861615472
913,Plymouth_Montserrat,-62.221840749808,16.70433388928732
914,Plymouth_United Kingdom,-4.154471907024962,50.377385147898856
915,Pohang_South Korea,129.4125013329303,36.044308023386805
916,Point Fortin_Trinidad and Tobago,-61.6896298021027,10.181740993174426
917,Point Lisa Port_Trinidad and Tobago,-61.48118437378197,10.396658235748639
918,Point Murat_Australia,114.1385409379747,-21.957801286018405
919,Point Noire_Republic of Congo,11.836365116348443,-4.784978954891618
920,Point Richmond_U.S.A.,-122.37810123787521,37.92384618905208
921,Pointe A Pierre_Trinidad and Tobago,-61.454975027394156,10.326747628446345
922,Pointe A Pitre_Guadeloupe,-61.54865143517671,16.230564944135917
923,Pomalaa_Indonesia,121.58769199643018,-4.120027109681285
924,Ponta Delgada_Portugal,-25.665656192402427,37.736407912421434
925,Pontianak_Indonesia,109.29012986160775,0.008110515393951708
926,Poole Harbour_United Kingdom,-1.9901976545928248,50.7167738366568
927,Pornpei Harbor_Micronesia,158.20218712728644,6.979555967126094
928,Porsgrunn_Norway,9.59520256658962,59.115088819147346
929,Port Adelaide_Australia,138.50487694094144,-34.81133748677221
930,Port Alma_Australia,150.86014846745798,-23.58478048404369
931,Port Angeles_Canada,-123.45368465239952,48.12914300256052
932,Port Aransas_U.S.A.,-97.07141738845847,27.846747089842523
933,Port Arthur_U.S.A.,-93.92405313095793,29.880999305350965
934,Port Au Prince_Haiti,-72.35976936548585,18.635985520416064
935,Port Aux Basques_Canada,-59.141128272687865,47.581747953494734
936,Port Bayside NB_Canada,-67.13769302376346,45.162983216272146
937,Port Bonython_Australia,137.76937185195231,-32.988900390021456
938,Port Cartier_Canada,-66.79974131824797,50.02963747903896
939,Port D' Ajaccio_France,8.741136058264562,41.923898830675704
940,Port Dalrymple_Australia,146.85709307294704,-41.12909234668174
941,Port De Aracaju_Brazil,-36.940534994671516,-10.82537146628955
942,Port De Caen_France,-0.29132531952565727,49.224633346762516
943,Port De Kribi_Cameroon,9.861206729054482,2.7249320897953333
944,Port De Salvador_Brazil,-38.50533776930187,-12.956497729281239
945,Port Dickson_Malaysia,101.77907393057987,2.5563972324001867
946,Port Dover_Canada,-80.0991699096244,42.808242269133544
947,Port Elizabeth_Saint Vincent and the Grenadines,-61.23647396871049,13.010989328137876
948,Port Elizabeth_South Africa,25.628976220864665,-33.898087541203516
949,Port Esquivel_Jamaica,-77.13155739932188,17.892818183891958
950,Port Est_Reunion,55.30718179193577,-20.93060435593577
951,Port Everglades_U.S.A.,-80.12470038415266,26.080613224012303
952,Port Gentil_Gabon,8.772105552820943,-0.6869368349777571
953,Port Giles_Australia,137.76004421491118,-35.021560404844024
954,Port Harcourt_Nigeria,7.005396988805962,4.765632558762153
955,Port Hedland_Australia,118.56360037736385,-20.331300760301538
956,Port Hueneme_U.S.A.,-119.20947562192713,34.156097669462525
957,Port Huon_Australia,146.97642061281664,-43.159734892280966
958,Port Jerome_France,0.5262850244298987,49.48257608665129
959,Port Kembla_Australia,150.8849427035815,-34.46325160002603
960,Port Klang_Malaysia,101.34533648191633,2.9751307624207186
961,Port Kyaukpyu_Myanmar,93.68238733135254,19.362597493930487
962,Port Latta_Australia,145.38204327493384,-40.8518269651698
963,Port Lavaca_U.S.A.,-96.54444464443252,28.675711643190123
964,Port Lincoln_Australia,135.8702552513369,-34.72200062552033
965,Port Louis_Mauritius,57.495835230909236,-20.149503806000617
966,Port Lyttelton_New Zealand,172.72404974265964,-43.60667982880138
967,Port Manatee_U.S.A.,-82.55710327960264,27.633302473189833
968,Port Mathurin_Mauritius,63.42005759157495,-19.680937248800046
969,Port Methanier_Algeria,6.947212646089542,36.87373543400858
970,Port Moresby_Papua New Guinea,147.09277813052944,-9.405996020241078
971,Port Nador_Morocco,-2.9241954432913206,35.28276793637904
972,Port Noro_Solomon Islands,157.1990489031608,-8.228398741469471
973,Port Owendo_Gabon,9.499728612770761,0.2975262886421408
974,Port Pirie_Australia,138.0095486060087,-33.16714149010816
975,Port Rikitea_French Polynesia,-134.96909530808938,-23.11788408325133
976,Port Saint Louis Du Rhone_France,4.8362441498922735,43.41178791966875
977,Port Sudan_Sudan,37.23358855524363,19.60385953050549
978,Port Taman_Russia,36.67246881571556,45.138714583326056
979,Port Vale Knights_Cape Verde,-24.503550961771978,14.921123476472168
980,Port Vila_Vanuatu,168.3018742554681,-17.755763832508837
981,Port Walcott_Australia,117.16569927577976,-20.608532333078614
982,Port de Longoni_Mayotte,45.16796039369312,-12.724920986377468
983,Port of Can Tho_Vietnam,105.7022652550856,10.111983517142388
984,Port of Duqm_Oman,57.717374406350075,19.671170650421907
985,Port of Le Havre_France,0.2141031857804555,49.46896737669165
986,Port of Rouen_France,1.0454874495240987,49.3953935236013
987,Port of Sillame_Estonia,27.73082964252382,59.41141803430862
988,Port of Sohar_Oman,56.61270301382097,24.511464939269814
989,Port of Spain_Trinidad and Tobago,-61.52016224989021,10.652584851602356
990,Port-De-Bouc_France,5.009198787463026,43.38856649064092
991,Port-La-Nouvelle_France,3.0539227836939697,43.02323183213791
992,Portland_Australia,141.6172331973469,-38.354233924695556
993,Portland_U.S.A.,-122.73179349734549,45.59350321774491
994,Portland Harbour_United Kingdom,-2.4373544181028612,50.57059443398459
995,"Portland, ME_U.S.A.",-70.26724165195596,43.63687034330755
996,Portmouth_U.S.A.,-70.7873208508522,43.09212181753419
997,Porto Alegre_Brazil,-51.2238048552823,-29.97654600826207
998,Porto Da Praia_Cape Verde,-23.49973393192804,14.910037465265233
999,Porto De Leizoes_Portugal,-8.69761653112653,41.1948079428956
1000,Porto De Maceio_Brazil,-35.72299309244805,-9.679470984305429
1001,Porto De Mucuripe_Brazil,-38.47154633281369,-3.7133070914839865
1002,Porto De Suape_Brazil,-34.97282069477305,-8.38919995431588
1003,Porto Di Chioggia_Italy,12.269969355882715,45.21344798844924
1004,Porto Di Corsini_Italy,12.253714242831219,44.45978076552767
1005,Porto Di Lido-Venezia_Italy,12.242689031789684,45.45013062822878
1006,Porto Di Malamocco_Italy,12.327181347020117,45.331138531029666
1007,Porto Di Oristano_Italy,8.560074594799827,39.86406950196179
1008,Porto Di Palermo_Italy,13.367741085539585,38.130207317251546
1009,Porto Grande_Cape Verde,-24.995705564504007,16.89424770994075
1010,Porto Pecem_Brazil,-38.8049431157783,-3.5378649559631015
1011,Porto Torres_Italy,8.359503638980769,40.83377265001147
1012,Portocel_Brazil,-40.0580901880698,-19.839539279860148
1013,Portovecchio Di Piombino_Italy,10.545030129510316,42.93690074000909
1014,Portsmouth Harbour_United Kingdom,-1.1083080730909614,50.80576006478529
1015,Porvoo_Finland,25.54097204749483,60.31405076032111
1016,Poti_Georgia,41.65721463109262,42.15959355063865
1017,Pozzuoli_Italy,14.116372162949707,40.822883463606736
1018,Praia De Vitoria_Portugal,-27.052786203021068,38.71154238017403
1019,Presque Isle_U.S.A.,-87.39413774799417,46.5581764169228
1020,Primorsk_Russia,28.731046536036278,60.336817238206116
1021,Prince Rupert_U.S.A.,-130.33806759588285,54.268889970619846
1022,Probolinggo_Indonesia,113.40974653289787,-7.717221034823921
1023,Progreso_Mexico,-89.6754238361353,21.343780451547136
1024,Providence_U.S.A.,-71.38672642657264,41.7845828414992
1025,Providenciales_Turks and Caicos Islands,-72.27985409156076,21.740552451009034
1026,Puerto Bayovar_Peru,-81.05853761226763,-5.801099350005667
1027,Puerto Bolivar_Colombia,-71.96248695117887,12.250275749290953
1028,Puerto Bolivar_Ecuador,-79.99877874728443,-3.259258742319523
1029,Puerto Cabello_Venezuela,-67.99500382423419,10.472497156668235
1030,Puerto Cabezas_Nicaragua,-83.38873411686986,14.022366902152953
1031,Puerto Caldera_Chile,-70.82661345800577,-27.05096827022014
1032,Puerto Caldera_Costa Rica,-84.71583852111796,9.912500245634895
1033,Puerto Castilla_Honduras,-85.96829436871883,16.007149779564703
1034,Puerto Chanaral_Chile,-70.64257746573864,-26.355560634351033
1035,Puerto Colon_Panama,-79.87880125396121,9.373359121417074
1036,Puerto Cortes_Honduras,-87.94822406921452,15.844521344783164
1037,Puerto Cristobal_Panama,-79.90685966034296,9.345474200980304
1038,Puerto De Bilbao_Spain,-3.0434190493350357,43.33920285608907
1039,Puerto De Carboneras_Spain,-1.907624625575938,36.9695128400666
1040,Puerto De Chimbote_Peru,-78.58689397838641,-9.087156908182747
1041,Puerto De Garrucha_Spain,-1.8178277059182972,37.18230214064729
1042,Puerto De Haina_Dominican Republic,-70.02199033148807,18.413469608169418
1043,Puerto De Hencan_Honduras,-87.42548277247599,13.402307678709159
1044,Puerto De Pasajes_Spain,-1.9081451342952214,43.31843538132967
1045,Puerto Del Callao_Peru,-77.13998039882077,-12.047200427580401
1046,Puerto Del Rosario_Spain,-13.856168968914304,28.495033699700812
1047,Puerto Ilo_Peru,-71.3574666703075,-17.602387973945365
1048,Puerto Ingeniero White_Argentina,-62.282534361351466,-38.7816796150551
1049,Puerto La Cruz_Venezuela,-64.61386402716111,10.231298442833314
1050,Puerto Madryn_Argentina,-65.04418406162081,-42.72905708945379
1051,Puerto Miranda_Venezuela,-71.53721924933396,10.764556760896637
1052,Puerto Moin_Costa Rica,-83.08945861046233,10.001828982909954
1053,Puerto Montt_Chile,-72.97569012886743,-41.493662130324005
1054,Puerto Nuevo_Colombia,-74.22026443215131,11.049747241270227
1055,Puerto Plata_Dominican Republic,-70.69818907680975,19.799974061939153
1056,Puerto Princesa_Philippines,118.73291953911884,9.736686600992089
1057,Puerto Quetzal_Guatemala,-90.7900789838215,13.926225044758972
1058,Puerto San Antonio_Chile,-71.61881973947094,-33.593239037921926
1059,Puerto San Martin_Argentina,-60.75246916934239,-32.65452999615957
1060,Puerto Yabucoa_Puerto Rico,-65.8414992399967,18.04781916796974
1061,Pulau Baai_Indonesia,102.29078343919092,-3.9113716231004894
1062,Pulau Pinang_Malaysia,100.39148647079254,5.380738373723969
1063,Punta Cardon_Venezuela,-70.22461008349106,11.630098005199214
1064,Punta Lobitos (Bahia De Huarmey)_Peru,-78.17939032219985,-10.10231008270174
1065,Pusan_South Korea,128.9407802685991,35.08940463036748
1066,Put Put_Papua New Guinea,152.65099104066334,-3.121494757635625
1067,Pyeongtaek Hang_South Korea,126.78882180702529,36.96842502369788
1068,Qalhat LNG Terminal_Oman,59.41559933989284,22.65151644666414
1069,Qingdao Gang_China,120.22404663888541,36.02748930528933
1070,Qingdao Port_China,119.76140493131174,35.61136224265854
1071,Qingzhou_China,108.6413565102896,21.675942250644937
1072,Qinhuangdao_China,119.64894401271904,39.925657344764176
1073,Qiwei_China,120.61227205761543,32.001675413181665
1074,Quanzhou_China,118.70210596138148,24.84785121625547
1075,Quebec_Canada,-71.20643809388811,46.793970928526726
1076,Quelimane_Mozambique,36.811013486923265,-18.210740424477777
1077,Quequen_Argentina,-58.70694516764021,-38.57501738604355
1078,Qui Nhon_Vietnam,109.2443688933801,13.775886469714054
1079,Raahe_Finland,24.40746121362643,64.65811194971747
1080,Rabaul_Papua New Guinea,152.16556885133673,-4.20376501365148
1081,Rabigh_Saudi Arabia,39.05955108988162,22.626645336288163
1082,Rada De Arica_Chile,-70.32270101871744,-18.47330819152342
1083,Rada Di vado_Italy,8.43539409834931,44.27102719392296
1084,Rade De Brest_France,-4.460783564376877,48.38519279845349
1085,Randers_Denmark,10.053103446793687,56.45830565363323
1086,Rangoon_Myanmar,96.2112150197139,16.7205717696108
1087,Ras Al Khafji_Saudi Arabia,48.53126204933841,28.40449258516505
1088,Ras Al Mishab_Saudi Arabia,48.822425280647074,27.88015047016218
1089,Ras Al-Khair_Saudi Arabia,49.185588158938025,27.53807507172872
1090,Ras Laffan_Qatar,51.59114653887666,25.907267700581812
1091,Ras Tannurah_Saudi Arabia,50.12540304191202,26.66933321361207
1092,Rauma_Finland,21.460543332811174,61.12128826068132
1093,Rayong TPI Terminal_Thailand,101.31203310225756,12.659004565418952
1094,Recife_Brazil,-34.868409830877425,-8.050156495838996
1095,Reka Luga_Russia,28.39686101970637,59.68312778758689
1096,Rethimnon_Greece,24.480116091152468,35.370017023906605
1097,Retreat_Saint Vincent and the Grenadines,-61.329120657383044,12.703954563771926
1098,Reykjavik_Iceland,-21.852190625781823,64.17616440596818
1099,Richards Bay_South Africa,32.039874963202415,-28.794690657910305
1100,Riga_Latvia,24.081505624146775,57.01827773642888
1101,Rijeka Luka_Croatia,14.431446272514357,45.32804949312182
1102,Rio Bueno_Jamaica,-77.43491427469719,18.463454199737857
1103,Rio De Janeiro_Brazil,-43.18976090442706,-22.880113763690154
1104,Rio Grande_Brazil,-52.10142814262713,-32.08622330057432
1105,Rizhao_China,119.53310344899957,35.3473589860616
1106,Road Harbor_British Virgin Islands,-64.60398497637857,18.422708636287737
1107,Rorvik_Norway,11.282379948542653,64.85938978815332
1108,Rosario_Argentina,-60.57371019623302,-33.04832395801276
1109,Rosarito_Mexico,-117.07005304848508,32.37535719704237
1110,Roseau_Dominica,-61.389090415695954,15.311966942726201
1111,Rostock_Germany,12.109409201638233,54.136722718953095
1112,Rostov-Na-Donu_Russia,39.679569540000145,47.1949138521062
1113,Rota_Northern Mariana Islands,145.13386399745295,14.135246809235785
1114,Rotterdam_Netherlands,4.224993962671933,51.92251841720901
1115,Rouge River_U.S.A.,-83.12879804594213,42.2855589213981
1116,Rumor Ko_Japan,141.63999613017072,43.95930507978741
1117,Ruwais Port_Qatar,51.205305397772605,26.145585643611145
1118,Safi_Morocco,-9.246669969786657,32.3081256147137
1119,Saganoseki Ko_Japan,131.87516065332076,33.254744025356025
1120,Sagunto_Spain,-0.22323342319393533,39.644671196588
1121,Saint Helier Harbour_Jersey,-2.1137804229715154,49.17579712927702
1122,Saint Peter Port_Guernsey,-2.529960543672481,49.457683894628964
1123,Saint-Laurent-du-Maroni_French Guiana,-54.0354648300871,5.494341468230551
1124,Saint-Malo_France,-2.018041906665107,48.6451358267842
1125,Saint-Marc_Haiti,-72.7027911972496,19.10948713052255
1126,Saipan_Northern Mariana Islands,145.73490485632053,15.225138245120997
1127,Sakai Ko_Japan,133.2304930479238,35.5319420746701
1128,Sakai-Senboku_Japan,135.4209471415768,34.55991554362715
1129,Sakaide Ko_Japan,133.85056546606478,34.34085912946402
1130,Sakata Ko_Japan,139.82277034041098,38.944949619084056
1131,Sal Rei_Cape Verde,-22.924820587340935,16.17932404332732
1132,Salaverry_Peru,-78.9813052517748,-8.22598853733375
1133,Saldanha Bay_South Africa,18.007551877641916,-32.99841782857115
1134,Salelologa_Samoa,-172.217223365457,-13.744615874565257
1135,Salerno_Italy,14.746097807004325,40.674111355395276
1136,Salina Cruz_Mexico,-95.18933234216723,16.189319958437125
1137,Samarinda_Indonesia,117.19302879116259,-0.5488884940707638
1138,Sampit_Indonesia,112.97482468158266,-2.5071274858368877
1139,Samsun_Turkey,36.40877716516127,41.264227346088234
1140,San Diego_U.S.A.,-117.14682113355661,32.68424684459907
1141,San Fransisco_U.S.A.,-122.38749097048354,37.75595895560246
1142,San Giogrio_Italy,13.228689154971953,45.78698342579866
1143,San Juan_Puerto Rico,-66.11972077818488,18.438470117769107
1144,San Miguel De Cozumel_Mexico,-87.13202288323754,20.574780452326515
1145,San Nicolas_Argentina,-60.118026243763985,-33.39963311787497
1146,San Pedro_Cote d'Ivoire,-6.618754699393181,4.744784425950649
1147,San Pedro De Macoris_Dominican Republic,-69.31042273531814,18.446061263752572
1148,Sandnessjoen_Norway,12.653533073842702,66.02389181771467
1149,Sandusky_U.S.A.,-82.72947378981286,41.46726925023231
1150,Sankt-Peterburg_Russia,30.057234908614173,59.90515990767246
1151,Sanshandaocun_China,119.95621375401527,37.4147921425797
1152,Santa Cruz De La Palma_Spain,-17.766968887986078,28.676128214302246
1153,Santa Cruz De Tenerife_Spain,-16.23497971263211,28.477194988188952
1154,Santa Maria_Colombia,-74.21499230893252,11.251442039689362
1155,Santander_Spain,-3.8185777646346653,43.42423253187467
1156,Santiago De Cuba_Cuba,-75.85648569351854,20.014210297718538
1157,Santo Antonio_Sao Tome and Principe,7.422128530112834,1.6445727227812896
1158,Santo Domingo_Dominican Republic,-69.88005941140875,18.470362281804654
1159,Santo Thomas De Castilla_Guatemala,-88.60808957278944,15.711651852751851
1160,Santos_Brazil,-46.337291186722176,-23.91647384795058
1161,Sao Francisco_Brazil,-48.62022398286769,-26.20996602798011
1162,Sao Sebastiao_Brazil,-45.405863041214445,-23.80267463522795
1163,Sao Tome_Sao Tome and Principe,6.6495001797632725,0.35234439188174244
1164,Sapangar Bay_Malaysia,116.1257419643801,6.074854627215643
1165,Sapele_Nigeria,5.647369587081466,5.921434835732689
1166,Sarnia_Canada,-82.41373898459378,42.95787885092667
1167,Sarroch Oil Terminal_Italy,9.012742996552433,39.08638325999434
1168,Sassnitz_Germany,13.589895126800128,54.48535084874672
1169,Sauda_Norway,6.360756380181068,59.64617558344823
1170,Savannah_U.S.A.,-81.09557537843664,32.103371197981126
1171,Savonia_Italy,8.493986022535612,44.31011247638365
1172,Sawakin Harbor_Sudan,37.34970172415571,19.116104969098558
1173,Sayda_Lebanon,35.39528771281076,33.60468474079404
1174,Searsport_U.S.A.,-68.90266724075512,44.45612805615703
1175,Seattle_U.S.A.,-122.34470982393088,47.57132082045909
1176,Seghe_Solomon Islands,157.93419364329378,-8.586892496987808
1177,Sekondi_Ghana,-1.7023387206179617,4.938565539373028
1178,Sekupang_Indonesia,103.95749892933097,1.1333127577266426
1179,Semarang_Indonesia,110.42413925142934,-6.949859584334052
1180,Sendai-Shiogama_Japan,141.02802482406565,38.28717763776496
1181,Sept Iles_Canada,-66.411423428527,50.17783784593654
1182,Serangoon Harbor_Singapore,104.03457044340934,1.3582717809220868
1183,Sete_France,3.7289127584466355,43.41683909472739
1184,Setubal_Portugal,-8.852225556906172,38.501234730339995
1185,Sevilla_Spain,-5.994777310331757,37.319181440517724
1186,Shala Pristan_Russia,35.97616776863479,61.811995892041786
1187,Shan T Ou_China,116.59670792893907,23.39864577713131
1188,Shanghai_China,121.66120917252185,31.17098845957608
1189,Shekou_China,113.80001812270086,22.598302992001376
1190,Shibushi Wan_Japan,131.0655073195785,31.42096995051023
1191,Shidao Newport_China,122.39572000745079,36.87875407556912
1192,Shijing Longxiang_China,118.4383611695771,24.661307415544474
1193,Shimizu Ko_Japan,138.50527608423513,35.02015456514727
1194,Shoreham Harbour_United Kingdom,-0.22514045419896234,50.82898068630991
1195,Shougang Jingtang_China,118.48318910188827,39.02452227864196
1196,Shui Dong_China,111.07285250811724,21.47661022016567
1197,Si Racha_Thailand,100.90108036943435,13.091359090889407
1198,Sibolga_Indonesia,98.78171574682884,1.734967575581261
1199,Sikka_India,69.79497427592538,22.37298066058536
1200,Sines_Portugal,-8.833578843058401,37.95544589387497
1201,Singapore_Singapore,103.7153412888525,1.2689289656849345
1202,Sint Nicolaas Baai_Aruba,-69.90689139158356,12.432333778268076
1203,Sitrah_Bahrain,50.66035652430645,26.187447712633855
1204,Skagen Havn_Denmark,10.594086244472368,57.717814865748245
1205,Skelleftehamn_Sweden,21.26590841021893,64.67466540128987
1206,Skhira_Tunisia,10.144566475772843,34.33680357585025
1207,Skutskar_Sweden,17.397098713976316,60.64883088588526
1208,Slagenstangen_Norway,10.51410253031299,59.31815574902648
1209,Sodertalje_Sweden,17.607177176175913,59.260162614011456
1210,Solvesborg_Sweden,14.579599505922303,56.039336714994185
1211,Songkhla Harbor_Thailand,100.57128774652048,7.2286068367290675
1212,Soudha_Greece,24.066333848736882,35.517036645818386
1213,Sousse_Tunisia,10.645002273568995,35.824472356289505
1214,South Louisiana_U.S.A.,-90.84616657104017,30.117963691109303
1215,South Riding Point_Bahamas,-78.23182133208091,26.625857560052626
1216,Southampton_United Kingdom,-1.4297796959859714,50.90194317969096
1217,Soyo Angola LNG Terminal_Angola,12.337624324288958,-6.123126858113864
1218,Split_Croatia,16.456855629474557,43.531693308121376
1219,St John_Canada,-66.03767747406086,45.27265871688546
1220,St John's_Canada,-52.70423252414334,47.560466538406146
1221,St Johns_Antigua and Barbuda,-61.85108834945961,17.123850705692654
1222,St Nazaire_France,-2.203107241185954,47.28306079881253
1223,St. George's_Grenada,-61.74779178110972,12.039730255228122
1224,Stagen_Indonesia,116.12581454711818,-3.281351582562108
1225,Stavanger_Norway,5.725908436355076,58.94395619870848
1226,Steinkjer_Norway,11.314498743392313,64.00217880688353
1227,Stenungsund_Sweden,11.820218471283019,58.08528001694598
1228,Stockholm_Sweden,18.103039990186975,59.32482969013204
1229,Stockton_U.S.A.,-121.31015306264982,37.949223216733
1230,Stora Jatterson_Sweden,16.546428980369086,57.09270981779684
1231,Stura_Norway,4.867347079320584,60.589665655381644
1232,Subio Bay_Philippines,120.2904820928187,14.803549657217772
1233,Sundaomen Wuz_China,118.03820295409585,38.05613171559261
1234,Sunderland_United Kingdom,-1.3616907925266526,54.91036450600629
1235,Sundsvall_Sweden,17.37568479825764,62.39668365999513
1236,Superior_U.S.A.,-92.08866494208328,46.71739118809449
1237,Surabaya_Indonesia,112.72091202735677,-7.199059203426589
1238,Surigao City_Philippines,125.4545549331463,9.815649771875618
1239,Susaki Ko_Japan,133.2913377536124,33.392171548576876
1240,Suva Harbor_Fiji,178.4243613499574,-18.114638049048057
1241,Swanport_U.S.A.,-146.38322390157637,61.08348425951949
1242,Swinoujscie_Poland,14.275202390201285,53.90270137032054
1243,Sydney_Australia,151.18532355937518,-33.85244002161709
1244,Sydney_Canada,-123.41075652620397,48.68674071864164
1245,Sydney_U.S.A.,-60.21945323727878,46.17965026836353
1246,Szczecin_Poland,14.5880929935138,53.44048475085634
1247,Tachibana_Japan,134.65122702507634,33.87051194372268
1248,Tacoma_U.S.A.,-122.39396848249903,47.2500059807994
1249,Taganrog_Russia,38.950140306107166,47.202506520201545
1250,Tagonoura Ko_Japan,138.6941080024514,35.14332669849826
1251,Tahaa_French Polynesia,-151.54570011240588,-16.61899367083507
1252,Tai-Chung Kang_Taiwan,120.50502525320074,24.254644569080913
1253,Taicang_China,121.13300455197512,31.68968423020086
1254,Takamatsu_Japan,134.06825517427944,34.35587984956296
1255,Takoradi_Ghana,-1.7418021247422797,4.891807076681616
1256,Takuma_Japan,133.67860831198098,34.23244666876967
1257,Talara_Peru,-81.28144577435158,-4.581014447475439
1258,Talinn_Estonia,24.719473545521573,59.4440937895619
1259,Tampa_U.S.A.,-82.42358930067788,27.889156208342705
1260,Tampico_Mexico,-97.82971557769817,22.244729062552626
1261,Tan-Shui_Taiwan,121.3804275202136,25.156298617833944
1262,Tanah Merah_Indonesia,116.15670853403392,-1.8201700919557067
1263,Tananger_Norway,5.591829440854057,58.92421890046358
1264,Tanga_Tanzania,39.10557275999842,-5.0662743701709
1265,Tangier-Mediterranean_Morocco,-5.511800254315397,35.878758096524
1266,Tangshan (Jingtang)_China,119.02232231705565,39.23579438252812
1267,Tanjung Benete_Indonesia,116.74484809219611,-8.901814114389362
1268,Tanjung Geren_Indonesia,105.99924232023872,-5.963501357464574
1269,Tanjung Pelepas_Malaysia,103.54596777339687,1.3506136633395665
1270,Tanjung Sangata_Indonesia,117.64336523776186,0.5349841113251096
1271,Tanjung Sekong_Indonesia,106.01645156040858,-5.905580566787756
1272,Tanjungredeb_Indonesia,117.50420059783889,2.166715954946812
1273,Tanjunguban_Indonesia,104.20125072682927,1.0541728036493063
1274,Tarabulus_Lebanon,35.82666467724039,34.45407835391381
1275,Taranto_Italy,17.189577974765392,40.500109264962404
1276,Tarawa Atoll_Kiribati,172.93388257828704,1.3634612858847583
1277,Tarragona_Spain,1.2023926936289437,41.1024986533459
1278,Tauranga_New Zealand,176.18424450241446,-37.66026661003434
1279,Teesport_United Kingdom,-1.1538241865626468,54.605202636551326
1280,Tekirdag_Turkey,27.48678716810757,40.931700997263604
1281,Teluk Bayur_Indonesia,100.39185899518758,-1.028132526245493
1282,Tema_Ghana,-1.8811107972712534e-05,5.626201881236188
1283,Temryuk_Russia,37.37613313642193,45.32436731659002
1284,Terneuzen_Netherlands,3.8160047071582377,51.308656064703584
1285,Texas City_U.S.A.,-94.9130140545399,29.37691098371968
1286,Tg Mani_Malaysia,111.33722537132961,2.1506462999044147
1287,Tg. Sorong_Indonesia,131.24940995010758,-0.8767835401249627
1288,Tha Thong_Thailand,99.36615784035027,9.175451099860561
1289,Thamesport_United Kingdom,0.6855802111459807,51.43802342121585
1290,Thamshamm_Norway,9.854658068539852,63.314289615621895
1291,Thanh Ho Chi Minh_Vietnam,106.76570090586668,10.745699753372866
1292,The Bottom_Saba,-63.25080335482904,17.615962714894383
1293,Thessaloniki_Greece,22.907474282256356,40.64111319177551
1294,Thevenard_Australia,133.64846774701678,-32.148467667970884
1295,Thunder Bay_Canada,-89.24063124735736,48.38806781620973
1296,Thyboron_Denmark,8.222027673012901,56.68972255503932
1297,Tianjin Xin Gang_China,117.71278929418702,38.914961421289014
1298,Tilbury_United Kingdom,0.3427943244134821,51.45855986809973
1299,Timaru_New Zealand,171.25570354563663,-44.38491772864825
1300,Tinian_Northern Mariana Islands,145.6203241170536,14.965063057475277
1301,Toamasina_Madagascar,49.42638044907972,-18.15789351565237
1302,Tocopilla_Chile,-70.21198452670916,-22.094752597913928
1303,Tokachi_Japan,143.32289481008206,42.29896219867018
1304,Tokuyama_Japan,131.78247111178305,34.03686032917093
1305,Tokyo Ko_Japan,139.80287475104004,35.60201195672975
1306,Toledo_U.S.A.,-83.46977545665682,41.67890802963845
1307,Toliara_Madagascar,43.67000168962691,-23.3732459320791
1308,Tomakomai Ko_Japan,141.73194089351205,42.63642053705828
1309,Tonghae_South Korea,129.1383580867472,37.487897928732146
1310,Topolorampo_Mexico,-109.05512996484109,25.589372652894838
1311,Torina_Finland,24.170316507379336,65.76819380729324
1312,Toronto_Canada,-79.39015257946232,43.651450784674736
1313,Toros Gubre_Turkey,35.99138872774569,36.925968855210755
1314,Torrevieja_Spain,-0.6969161541703763,37.97451840410572
1315,Townsville_Australia,146.83641750180544,-19.2564952843846
1316,Trabzon_Turkey,39.74149137670648,41.003812798936956
1317,Trelleborg_Sweden,13.152762174451595,55.37014979650685
1318,Trieste_Italy,13.79061930384546,45.62356426876348
1319,Trincomalee Harbor_Sri Lanka,81.19848384177534,8.562597741718845
1320,Trois Rivieres_Canada,-72.55274045088427,46.3331357828661
1321,Tromso_Norway,19.002247673764078,69.67852130512279
1322,Trondheim_Norway,10.382229741433315,63.439312771146426
1323,Tsingeli_Greece,22.85413471811348,39.164267897706516
1324,Tsukumi Ko_Japan,131.8606880835365,33.082057663308014
1325,Tsuruga Ko_Japan,136.07044791272077,35.667222758224085
1326,Tuapse_Russia,39.08498133862648,44.100305217402436
1327,Tuban_Indonesia,111.9071895364724,-6.8002103229399
1328,Tubarao_Brazil,-40.238313502086726,-20.25963609905552
1329,Tunis_Tunisia,10.28299219345797,36.80671604406823
1330,Turkmenbashi Port_Turkmenistan,53.00806114114127,40.00877614345581
1331,Tuticorin_India,78.1864043432206,8.770161702985888
1332,Tuxpan_Mexico,-97.33428417576991,20.95620593723781
1333,Two Harbors_U.S.A.,-91.43037220060528,47.17664928348427
1334,Tynemouth_United Kingdom,-1.4796176386922815,54.98575047758591
1335,Ube Ko_Japan,131.21259346791913,33.94441801002232
1336,Ujung Pandang_Indonesia,119.41617640351876,-5.113001956821595
1337,Uleelheue_Indonesia,95.52597418302427,5.596383821695278
1338,Ulsan_South Korea,129.3818528222305,35.48724057642068
1339,Umea Hamn_Sweden,20.336640492263303,63.69494956605801
1340,Umm Al Qaywayn_United Arab Emirates,55.580268995742735,25.58810856503865
1341,Umm Qasr_Iraq,47.89846697625713,30.118490779134017
1342,Umm Said_Qatar,51.56774930685568,24.964099850213554
1343,Uno Ko_Japan,133.97214262799983,34.5604895169368
1344,Uturoa_French Polynesia,-151.44083214201274,-16.73104755404038
1345,Uwajima Ko_Japan,132.5502643968033,33.221004922878386
1346,Vaasa_Finland,21.561599478058554,63.08753161694107
1347,Vaitape_French Polynesia,-151.75808605027862,-16.487057491317422
1348,Valencia_Spain,-0.3238060387167589,39.4422736050545
1349,Valletta Harbors_Malta,14.498930559598783,35.87748581900607
1350,Vancouver_Canada,-123.01725793007442,49.286332570425785
1351,Vancouver_U.S.A.,-122.72632734265797,45.63718689604394
1352,Vanimo_Papua New Guinea,141.2970196029682,-2.680151115078068
1353,Varberg_Sweden,12.24406613301189,57.11523122774842
1354,Varkaus_Finland,27.90645045990495,62.3144360610574
1355,Varna_Bulgaria,27.908243098467974,43.19224069828992
1356,Vasteras_Sweden,16.515474461876252,59.594322180446376
1357,Ventspils_Latvia,21.577718002202477,57.40517743380062
1358,Veracruz_Mexico,-96.15415407373317,19.22244271119887
1359,Victoria_Guinea,-14.55961206932962,10.749637812905355
1360,Victoria_Malaysia,115.23795842689711,5.259448647583178
1361,Victoria_Seychelles,55.46238971140668,-4.62276552380656
1362,Vieux Fort_Saint Lucia,-60.95299323870039,13.72189235124082
1363,Vigo_Spain,-8.721994878143198,42.24236417828155
1364,Vikanes_Norway,5.549623877868358,60.70617934882533
1365,Villagarcia De Arosa_Spain,-8.778904611670898,42.59630530898306
1366,Villanueva_Philippines,124.75963537326982,8.608308291199458
1367,Vishakhapatnam_India,83.23272954626067,17.65716579147157
1368,Vitoria_Brazil,-40.33144367731848,-20.326058671578952
1369,Vladivostok_Russia,131.8982765486332,43.088727828972615
1370,Vlissingen_Netherlands,3.6856467918853886,51.45441957509961
1371,Vlores_Albania,19.466609312021482,40.46281530116826
1372,Voh_New Caledonia,164.68314025843287,-21.01059967299281
1373,Volos_Greece,22.956831463279823,39.35431702781008
1374,Vostochnyy_Russia,133.05053452216018,42.73088120058218
1375,Vung Tau_Vietnam,107.09166558346357,10.391322044394078
1376,Vyborg_Russia,28.73650489337894,60.70433012060621
1377,Waingapu_Indonesia,120.2494875738998,-9.639049196006688
1378,Wakamatsu Ko_Japan,130.81010795947395,33.90828775847838
1379,Wakayama-Shimotsu Ko_Japan,135.1383995422572,34.175245722769056
1380,Wallaroo_Australia,137.61958544602513,-33.930067277947536
1381,Walvis Bay_Namibia,14.489511608472858,-22.95341210288441
1382,Warren Point_Ireland,-6.264601349286875,54.103339254267176
1383,Warri_Nigeria,5.721222931655553,5.516780837233646
1384,Waterford_Ireland,-7.040630204163918,52.26741678368255
1385,Weifang Port_China,119.02994588587701,37.26117575707087
1386,Weihai_China,122.21298682108045,37.45046379882836
1387,Weipa_Australia,141.87646384038788,-12.653943293940364
1388,Wellington_New Zealand,174.83315039700918,-41.25469408138026
1389,Welshpool_Australia,146.38881965616918,-38.70990727788741
1390,Wenzhou_China,120.90814595727595,27.99374489378088
1391,Western Port_Australia,145.2123856557296,-38.31397531589211
1392,Wewak Harbor_Papua New Guinea,143.6447418586347,-3.5706987559491963
1393,Whangerei_New Zealand,174.488023094838,-35.842329579044815
1394,Whittier_U.S.A.,-148.67933374280912,60.77583543636876
1395,Whyalla_Australia,137.59062782456817,-33.00908144021181
1396,Wilhelmshaven_Germany,8.1231556106921,53.578690882815856
1397,Willemstad_Curacao,-68.93043327571793,12.12314048742423
1398,"Wilmington, DE_U.S.A.",-75.52171645038713,39.706095493554734
1399,"Wilmington, NC_U.S.A.",-77.95041279773277,34.21496044112404
1400,Wisbech_United Kingdom,0.15453143103877218,52.6688400684091
1401,Wismar_Germany,11.453580303936825,53.90510731974237
1402,Workington_United Kingdom,-3.563170957258973,54.650934199920826
1403,Xiagong_China,119.71724333676605,26.557307646999533
1404,Xiamen_China,118.02269752187125,24.465243023186016
1405,Xiuyu_China,118.99586640853248,25.15402891763781
1406,Yakacik_Turkey,36.20538987547715,36.71170679136206
1407,Yalova_Turkey,29.451282828611223,40.704319431191514
1408,Yanbu_Saudi Arabia,38.07028284952122,24.076930986007113
1409,Yangpu_China,109.17727877252716,19.764216468829403
1410,Yantai_China,121.4352006565702,37.54043806235048
1411,Yatsushiro Ko_Japan,130.55513618881406,32.52305844967829
1412,Yawatahama_Japan,132.4170487248233,33.45695891225918
1413,Yeysk_Russia,38.273789340215245,46.7277551960549
1414,Yiantian_China,114.30504470259137,22.58834795594759
1415,Yingkou_China,122.06478173556756,40.72189729671691
1416,Yokkaichi_Japan,136.65825996713792,34.97202682020793
1417,Yokohama Ko_Japan,139.666334219539,35.41750966418939
1418,Yokosuka Ko_Japan,139.653505599342,35.32094098931273
1419,Yuzhnyy_Ukraine,31.01822116621919,46.63420467300074
1420,Zamboanga_Philippines,122.0606720836993,6.908285878016927
1421,Zanzibar_Tanzania,39.19252066335094,-6.1564480066025284
1422,Zarate_Argentina,-59.11047843707385,-34.025505898484624
1423,Zarzis_Tunisia,11.114141197668848,33.48201745163246
1424,Zeebrugge_Belgium,3.212647671814784,51.32631526876811
1425,Zhangjiangang_China,120.426990205636,31.97619992136502
1426,Zhanjiang_China,110.40984207293621,21.2198600085214
1427,Zhapu_China,121.15701573470456,30.636370796794054
1428,Zhouliwang_China,121.08530666258629,37.70164149323013
1429,Zhoushan_China,122.10823357036541,30.05773577186129
1430,Zonguldak_Turkey,31.8591364181445,41.494759096609975
1431,palma De Mallorca_Spain,2.633073776782193,39.554217511902955
1432,rada Punta Arenas_Chile,-70.86793413248375,-53.13027155847234
